<?xml version="1.0" encoding="UTF-8"?> 
<alto xmlns="http://schema.ccs-gmbh.com/ALTO" xmlns:xlink="http://www.w3.org/1999/xlink"> 
 <description> 
  <measurementunit>
   pixel
  </measurementunit> 
  <sourceimageinformation> 
   <filename>
    DDD_000014177_006.jp2
   </filename> 
  </sourceimageinformation> 
  <ocrprocessing id="OCRPROCESSING_1"> 
   <preprocessingstep> 
    <processingdatetime>
     2009-01-29
    </processingdatetime> 
    <processingagency>
     CCS Content Conversion Specialists GmbH, www.content-conversion.com
    </processingagency> 
    <processingstepdescription>
     align
    </processingstepdescription> 
    <processingstepsettings>
     CCS OCR Processing Filter
    </processingstepsettings> 
    <processingsoftware> 
     <softwarecreator>
      CCS Content Conversion Specialists GmbH, Germany
     </softwarecreator> 
     <softwarename>
      CCS docWORKS
     </softwarename> 
     <softwareversion>
      6.3-0.47
     </softwareversion> 
     <applicationdescription /> 
    </processingsoftware> 
   </preprocessingstep> 
   <ocrprocessingstep> 
    <processingsoftware> 
     <softwarecreator>
      ABBYY (BIT Software), Russia
     </softwarecreator> 
     <softwarename>
      Finereader
     </softwarename> 
     <softwareversion>
      8.1
     </softwareversion> 
    </processingsoftware> 
   </ocrprocessingstep> 
  </ocrprocessing> 
 </description> 
 <styles /> 
 <layout> 
  <page id="P2" physical_img_nr="2" height="2695" width="3176" position="Single"> 
   <topmargin id="P2_TM00001" hpos="0" vpos="0" width="3176" height="0" /> 
   <leftmargin id="P2_LM00001" hpos="0" vpos="0" width="0" height="2" /> 
   <rightmargin id="P2_RM00001" hpos="1" vpos="0" width="3175" height="2" /> 
   <bottommargin id="P2_BM00001" hpos="0" vpos="1" width="3176" height="2694" /> 
   <printspace id="P2_PS00001" hpos="0" vpos="0" width="2" height="2" /> 
  </page> 
 </layout> 
</alto>
