<?xml version="1.0" encoding="UTF-8"?> 
<alto xmlns="http://schema.ccs-gmbh.com/ALTO" xmlns:xlink="http://www.w3.org/1999/xlink"> 
 <description> 
  <measurementunit>
   pixel
  </measurementunit> 
  <sourceimageinformation> 
   <filename>
    DDD_000014128_001.jp2
   </filename> 
  </sourceimageinformation> 
  <ocrprocessing id="OCRPROCESSING_1"> 
   <preprocessingstep> 
    <processingdatetime>
     2009-01-29
    </processingdatetime> 
    <processingagency>
     CCS Content Conversion Specialists GmbH, www.content-conversion.com
    </processingagency> 
    <processingstepdescription>
     align
    </processingstepdescription> 
    <processingstepsettings>
     CCS OCR Processing Filter
    </processingstepsettings> 
    <processingsoftware> 
     <softwarecreator>
      CCS Content Conversion Specialists GmbH, Germany
     </softwarecreator> 
     <softwarename>
      CCS docWORKS
     </softwarename> 
     <softwareversion>
      6.3-0.47
     </softwareversion> 
     <applicationdescription></applicationdescription> 
    </processingsoftware> 
   </preprocessingstep> 
   <ocrprocessingstep> 
    <processingsoftware> 
     <softwarecreator>
      ABBYY (BIT Software), Russia
     </softwarecreator> 
     <softwarename>
      Finereader
     </softwarename> 
     <softwareversion>
      8.1
     </softwareversion> 
    </processingsoftware> 
   </ocrprocessingstep> 
  </ocrprocessing> 
 </description> 
 <styles> 
  <textstyle id="TXT_0" fontsize="29" fontfamily="Times New Roman" /> 
  <textstyle id="TXT_1" fontsize="12" fontfamily="Times New Roman" fontstyle="bold" /> 
  <textstyle id="TXT_2" fontsize="12" fontfamily="Times New Roman" fontstyle="bold italics" /> 
  <textstyle id="TXT_3" fontsize="9" fontfamily="Times New Roman" /> 
  <paragraphstyle id="PAR_CENTER" align="Center" /> 
  <paragraphstyle id="PAR_LEFT" align="Left" /> 
 </styles> 
 <layout> 
  <page id="P1" physical_img_nr="1" height="1817" width="1084" position="Single" pc="0.992"> 
   <topmargin id="P1_TM00001" hpos="0" vpos="0" width="1084" height="24" /> 
   <leftmargin id="P1_LM00001" hpos="0" vpos="24" width="25" height="1767" /> 
   <rightmargin id="P1_RM00001" hpos="1068" vpos="24" width="17" height="1767" /> 
   <bottommargin id="P1_BM00001" hpos="0" vpos="1791" width="1084" height="26" /> 
   <printspace id="P1_PS00001" hpos="25" vpos="24" width="1043" height="1767"> 
    <textblock id="P1_TB00001" hpos="107" vpos="24" width="921" height="117" stylerefs="TXT_0 PAR_CENTER"> 
     <textline id="P1_TL00001" hpos="107" vpos="26" width="921" height="115"> 
      <string id="P1_ST00001" hpos="107" vpos="26" width="553" height="113" content="Telegrafisch" wc="1.00" cc="964574000556" /> 
      <sp id="P1_SP00001" hpos="660" vpos="139" width="59" /> 
      <string id="P1_ST00002" hpos="719" vpos="27" width="309" height="113" content="Berigt." wc="0.96" cc="4540701" /> 
     </textline> 
    </textblock> 
    <textblock id="P1_TB00002" hpos="159" vpos="167" width="798" height="40" stylerefs="TXT_1 PAR_CENTER"> 
     <textline id="P1_TL00002" hpos="159" vpos="168" width="798" height="39"> 
      <string ALTERNATIVE='B-LOC' id="P1_ST00003" hpos="159" vpos="168" width="227" height="37" content="PARIJS," wc="0.98" cc="7770677" /> 
      <sp id="P1_SP00002" hpos="386" vpos="204" width="22" /> 
      <string id="P1_ST00004" hpos="409" vpos="168" width="224" height="39" content="Maandag" wc="1.00" cc="8650778" /> 
      <sp id="P1_SP00003" hpos="633" vpos="207" width="20" /> 
      <string id="P1_ST00005" hpos="653" vpos="169" width="26" height="31" content="7" wc="0.98" cc="9" stylerefs="TXT_2" /> 
      <sp id="P1_SP00004" hpos="679" vpos="207" width="22" /> 
      <string id="P1_ST00006" hpos="702" vpos="169" width="255" height="38" content="Februarij." wc="0.96" cc="9246406015" /> 
     </textline> 
    </textblock> 
    <textblock id="P1_TB00003" hpos="25" vpos="240" width="1043" height="1551" stylerefs="TXT_3 PAR_LEFT"> 
     <textline id="P1_TL00003" hpos="94" vpos="246" width="969" height="41"> 
      <string id="P1_ST00007" hpos="94" vpos="246" width="40" height="28" content="De" wc="0.98" cc="77" /> 
      <sp id="P1_SP00005" hpos="135" vpos="274" width="33" /> 
      <string id="P1_ST00008" hpos="168" vpos="246" width="98" height="30" content="Keizer" wc="1.00" cc="204620" /> 
      <sp id="P1_SP00006" hpos="266" vpos="275" width="30" /> 
      <string id="P1_ST00009" hpos="295" vpos="248" width="73" height="27" content="heeft" wc="1.00" cc="40194" /> 
      <sp id="P1_SP00007" hpos="369" vpos="275" width="32" /> 
      <string id="P1_ST00010" hpos="400" vpos="248" width="87" height="28" content="heden" wc="1.00" cc="60705" /> 
      <sp id="P1_SP00008" hpos="488" vpos="276" width="22" /> 
      <string id="P1_ST00011" hpos="510" vpos="248" width="113" height="38" content="middag" wc="1.00" cc="508709" /> 
      <sp id="P1_SP00009" hpos="624" vpos="286" width="22" /> 
      <string id="P1_ST00012" hpos="646" vpos="248" width="34" height="28" content="de" wc="0.98" cc="00" /> 
      <sp id="P1_SP00010" hpos="680" vpos="286" width="21" /> 
      <string id="P1_ST00013" hpos="702" vpos="248" width="97" height="38" content="zitting" wc="1.00" cc="6220267" /> 
      <sp id="P1_SP00011" hpos="798" vpos="286" width="21" /> 
      <string id="P1_ST00014" hpos="820" vpos="248" width="48" height="28" content="der" wc="1.00" cc="935" /> 
      <sp id="P1_SP00012" hpos="868" vpos="286" width="22" /> 
      <string id="P1_ST00015" hpos="891" vpos="249" width="172" height="38" content="wetgevende" wc="1.00" cc="9051064694" /> 
     </textline> 
     <textline id="P1_TL00004" hpos="53" vpos="300" width="1010" height="40"> 
      <string id="P1_ST00016" hpos="53" vpos="300" width="180" height="38" content="vergadering" wc="1.00" cc="00596902538" /> 
      <sp id="P1_SP00013" hpos="233" vpos="338" width="21" /> 
      <string id="P1_ST00017" hpos="254" vpos="300" width="26" height="28" content="in" wc="0.98" cc="47" /> 
      <sp id="P1_SP00014" hpos="280" vpos="338" width="25" /> 
      <string id="P1_ST00018" hpos="305" vpos="311" width="118" height="28" content="persoon" wc="1.00" cc="6047065" /> 
      <sp id="P1_SP00015" hpos="423" vpos="339" width="22" /> 
      <string id="P1_ST00019" hpos="445" vpos="302" width="146" height="37" content="geopend," wc="1.00" cc="56690851" /> 
      <sp id="P1_SP00016" hpos="592" vpos="339" width="30" /> 
      <string id="P1_ST00020" hpos="621" vpos="312" width="33" height="18" content="en" wc="0.98" cc="05" /> 
      <sp id="P1_SP00017" hpos="654" vpos="339" width="21" /> 
      <string id="P1_ST00021" hpos="676" vpos="301" width="37" height="37" content="bij" wc="1.00" cc="561" /> 
      <sp id="P1_SP00018" hpos="712" vpos="339" width="24" /> 
      <string id="P1_ST00022" hpos="736" vpos="300" width="43" height="30" content="die" wc="1.00" cc="010" /> 
      <sp id="P1_SP00019" hpos="778" vpos="339" width="21" /> 
      <string id="P1_ST00023" hpos="800" vpos="301" width="177" height="39" content="gelegenheid" wc="1.00" cc="90236065070" /> 
      <sp id="P1_SP00020" hpos="977" vpos="340" width="21" /> 
      <string id="P1_ST00024" hpos="998" vpos="313" width="65" height="19" content="eene" wc="0.96" cc="6005" /> 
     </textline> 
     <textline id="P1_TL00005" hpos="50" vpos="353" width="1012" height="40"> 
      <string id="P1_ST00025" hpos="50" vpos="353" width="146" height="27" content="troonrede" wc="1.00" cc="370100510" /> 
      <sp id="P1_SP00021" hpos="196" vpos="380" width="41" /> 
      <string id="P1_ST00026" hpos="237" vpos="354" width="164" height="37" content="gehouden," wc="1.00" cc="955007003" /> 
      <sp id="P1_SP00022" hpos="402" vpos="391" width="48" /> 
      <string id="P1_ST00027" hpos="450" vpos="356" width="98" height="27" content="waarin" wc="1.00" cc="966058" /> 
      <sp id="P1_SP00023" hpos="548" vpos="391" width="53" /> 
      <string id="P1_ST00028" hpos="601" vpos="353" width="201" height="38" content="hoofdzakelijk" wc="1.00" cc="9424976730308" /> 
      <sp id="P1_SP00024" hpos="802" vpos="391" width="39" /> 
      <string id="P1_ST00029" hpos="841" vpos="356" width="44" height="30" content="het" wc="1.00" cc="002" /> 
      <sp id="P1_SP00025" hpos="885" vpos="391" width="43" /> 
      <string id="P1_ST00030" hpos="927" vpos="356" width="135" height="37" content="volgende" wc="1.00" cc="54090787" /> 
     </textline> 
     <textline id="P1_TL00006" hpos="50" vpos="406" width="164" height="28"> 
      <string id="P1_ST00031" hpos="50" vpos="406" width="164" height="28" content="voorkomt:" wc="1.00" cc="754004030" /> 
     </textline> 
     <textline id="P1_TL00007" hpos="87" vpos="459" width="972" height="41"> 
      <string id="P1_ST00032" hpos="87" vpos="459" width="133" height="28" content="Ondanks" wc="1.00" cc="1867066" /> 
      <sp id="P1_SP00026" hpos="221" vpos="488" width="32" /> 
      <string id="P1_ST00033" hpos="253" vpos="461" width="158" height="37" content="Frankrijks" wc="0.96" cc="7697544094" /> 
      <sp id="P1_SP00027" hpos="411" vpos="497" width="35" /> 
      <string id="P1_ST00034" hpos="446" vpos="462" width="72" height="27" content="bloei" wc="1.00" cc="60753" /> 
      <sp id="P1_SP00028" hpos="519" vpos="497" width="34" /> 
      <string id="P1_ST00035" hpos="553" vpos="462" width="112" height="28" content="bestaan" wc="1.00" cc="6060767" /> 
      <sp id="P1_SP00029" hpos="665" vpos="497" width="24" /> 
      <string id="P1_ST00036" hpos="689" vpos="471" width="27" height="19" content="er" wc="0.98" cc="06" /> 
      <sp id="P1_SP00030" hpos="716" vpos="497" width="21" /> 
      <string id="P1_ST00037" hpos="737" vpos="463" width="149" height="37" content="geruchten" wc="1.00" cc="907746637" /> 
      <sp id="P1_SP00031" hpos="886" vpos="500" width="14" /> 
      <string id="P1_ST00038" hpos="900" vpos="484" width="6" height="12" content="," wc="0.98" cc="0" /> 
      <sp id="P1_SP00032" hpos="906" vpos="500" width="24" /> 
      <string id="P1_ST00039" hpos="930" vpos="463" width="44" height="27" content="die" wc="1.00" cc="730" /> 
      <sp id="P1_SP00033" hpos="973" vpos="500" width="20" /> 
      <string id="P1_ST00040" hpos="993" vpos="471" width="66" height="19" content="eene" wc="0.96" cc="4271" /> 
     </textline> 
     <textline id="P1_TL00008" hpos="47" vpos="511" width="1012" height="41"> 
      <string id="P1_ST00041" hpos="47" vpos="511" width="154" height="38" content="heimelijke" wc="1.00" cc="6006334000" /> 
      <sp id="P1_SP00034" hpos="201" vpos="549" width="21" /> 
      <string id="P1_ST00042" hpos="222" vpos="514" width="110" height="35" content="agitatie" wc="1.00" cc="76165460" /> 
      <sp id="P1_SP00035" hpos="332" vpos="549" width="22" /> 
      <string id="P1_ST00043" hpos="354" vpos="520" width="26" height="21" content="te" wc="0.98" cc="01" /> 
      <sp id="P1_SP00036" hpos="380" vpos="549" width="22" /> 
      <string id="P1_ST00044" hpos="403" vpos="524" width="73" height="26" content="weeg" wc="1.00" cc="3647" /> 
      <sp id="P1_SP00037" hpos="476" vpos="550" width="24" /> 
      <string id="P1_ST00045" hpos="500" vpos="515" width="129" height="37" content="brengen." wc="1.00" cc="50376170" /> 
      <sp id="P1_SP00038" hpos="628" vpos="552" width="44" /> 
      <string id="P1_ST00046" hpos="672" vpos="515" width="47" height="28" content="Dit" wc="1.00" cc="761" /> 
      <sp id="P1_SP00039" hpos="719" vpos="552" width="21" /> 
      <string id="P1_ST00047" hpos="741" vpos="515" width="22" height="28" content="is" wc="0.98" cc="66" /> 
      <sp id="P1_SP00040" hpos="763" vpos="552" width="28" /> 
      <string id="P1_ST00048" hpos="791" vpos="526" width="34" height="18" content="na" wc="0.98" cc="09" /> 
      <sp id="P1_SP00041" hpos="826" vpos="552" width="21" /> 
      <string id="P1_ST00049" hpos="847" vpos="524" width="50" height="20" content="zoo" wc="1.00" cc="504" /> 
      <sp id="P1_SP00042" hpos="896" vpos="552" width="22" /> 
      <string id="P1_ST00050" hpos="919" vpos="515" width="57" height="30" content="veel" wc="1.00" cc="0120" /> 
      <sp id="P1_SP00043" hpos="976" vpos="552" width="22" /> 
      <string id="P1_ST00051" hpos="998" vpos="524" width="41" height="19" content="om" subs_type="HypPart1" subs_content="omwentelingen" wc="1.00" cc="093" /> 
      <hyp hpos="1039" vpos="524" width="20" content="-" /> 
     </textline> 
     <textline id="P1_TL00009" hpos="46" vpos="567" width="1010" height="39"> 
      <string id="P1_ST00052" hpos="46" vpos="567" width="178" height="35" content="wentelingen" subs_type="HypPart2" subs_content="omwentelingen" wc="1.00" cc="94827368778" /> 
      <sp id="P1_SP00044" hpos="224" vpos="602" width="34" /> 
      <string id="P1_ST00053" hpos="259" vpos="567" width="51" height="27" content="hoe" wc="1.00" cc="642" /> 
      <sp id="P1_SP00045" hpos="309" vpos="602" width="30" /> 
      <string id="P1_ST00054" hpos="339" vpos="567" width="47" height="27" content="wel" wc="1.00" cc="944" /> 
      <sp id="P1_SP00046" hpos="386" vpos="602" width="31" /> 
      <string id="P1_ST00055" hpos="417" vpos="567" width="52" height="28" content="ook" wc="1.00" cc="540" /> 
      <sp id="P1_SP00047" hpos="469" vpos="602" width="33" /> 
      <string id="P1_ST00056" hpos="502" vpos="572" width="26" height="25" content="te" wc="0.98" cc="55" /> 
      <sp id="P1_SP00048" hpos="528" vpos="602" width="22" /> 
      <string id="P1_ST00057" hpos="550" vpos="568" width="142" height="28" content="betreuren" wc="1.00" cc="716636028" /> 
      <sp id="P1_SP00049" hpos="692" vpos="602" width="14" /> 
      <string id="P1_ST00058" hpos="706" vpos="591" width="6" height="12" content="," wc="0.98" cc="2" /> 
      <sp id="P1_SP00050" hpos="712" vpos="602" width="25" /> 
      <string id="P1_ST00059" hpos="737" vpos="568" width="137" height="38" content="nogthans" wc="0.96" cc="82006063" /> 
      <sp id="P1_SP00051" hpos="874" vpos="606" width="21" /> 
      <string id="P1_ST00060" hpos="895" vpos="568" width="161" height="38" content="natuurlijk." wc="1.00" cc="77645404000" /> 
     </textline> 
     <textline id="P1_TL00010" hpos="47" vpos="619" width="1011" height="39"> 
      <string id="P1_ST00061" hpos="47" vpos="619" width="74" height="27" content="Alles" wc="1.00" cc="90073" /> 
      <sp id="P1_SP00052" hpos="122" vpos="646" width="21" /> 
      <string id="P1_ST00062" hpos="143" vpos="619" width="22" height="27" content="is" wc="0.98" cc="06" /> 
      <sp id="P1_SP00053" hpos="165" vpos="646" width="32" /> 
      <string id="P1_ST00063" hpos="197" vpos="620" width="93" height="28" content="echter" wc="1.00" cc="207672" /> 
      <sp id="P1_SP00054" hpos="291" vpos="648" width="33" /> 
      <string id="P1_ST00064" hpos="324" vpos="620" width="102" height="28" content="zonder" wc="1.00" cc="747755" /> 
      <sp id="P1_SP00055" hpos="425" vpos="648" width="30" /> 
      <string id="P1_ST00065" hpos="455" vpos="621" width="86" height="37" content="grond" wc="1.00" cc="70660" /> 
      <sp id="P1_SP00056" hpos="541" vpos="658" width="25" /> 
      <string id="P1_ST00066" hpos="566" vpos="632" width="31" height="20" content="en" wc="0.98" cc="18" /> 
      <sp id="P1_SP00057" hpos="596" vpos="658" width="22" /> 
      <string id="P1_ST00067" hpos="619" vpos="621" width="111" height="30" content="allezins" wc="1.00" cc="80027474" /> 
      <sp id="P1_SP00058" hpos="730" vpos="658" width="24" /> 
      <string id="P1_ST00068" hpos="754" vpos="621" width="180" height="35" content="verrassend," wc="1.00" cc="42072630700" /> 
      <sp id="P1_SP00059" hpos="933" vpos="658" width="24" /> 
      <string id="P1_ST00069" hpos="957" vpos="632" width="32" height="19" content="en" wc="0.98" cc="27" /> 
      <sp id="P1_SP00060" hpos="989" vpos="658" width="22" /> 
      <string id="P1_ST00070" hpos="1011" vpos="622" width="32" height="28" content="be" subs_type="HypPart1" subs_content="bewijst" wc="1.00" cc="003" /> 
      <hyp hpos="1043" vpos="622" width="15" content="-" /> 
     </textline> 
     <textline id="P1_TL00011" hpos="46" vpos="671" width="1012" height="43"> 
      <string id="P1_ST00071" hpos="46" vpos="671" width="71" height="38" content="wijst" subs_type="HypPart2" subs_content="bewijst" wc="1.00" cc="05306" /> 
      <sp id="P1_SP00061" hpos="117" vpos="709" width="22" /> 
      <string id="P1_ST00072" hpos="139" vpos="672" width="53" height="27" content="den" wc="1.00" cc="918" /> 
      <sp id="P1_SP00062" hpos="193" vpos="709" width="24" /> 
      <string id="P1_ST00073" hpos="216" vpos="673" width="90" height="35" content="twijfel" wc="1.00" cc="0904966" /> 
      <sp id="P1_SP00063" hpos="306" vpos="709" width="33" /> 
      <string id="P1_ST00074" hpos="339" vpos="684" width="51" height="19" content="aan" wc="1.00" cc="668" /> 
      <sp id="P1_SP00064" hpos="390" vpos="709" width="21" /> 
      <string id="P1_ST00075" hpos="411" vpos="674" width="157" height="38" content="Frankrijks" wc="0.96" cc="7708044097" /> 
      <sp id="P1_SP00065" hpos="568" vpos="712" width="24" /> 
      <string id="P1_ST00076" hpos="592" vpos="679" width="73" height="33" content="magt" wc="0.96" cc="3293" /> 
      <sp id="P1_SP00066" hpos="665" vpos="712" width="21" /> 
      <string id="P1_ST00077" hpos="686" vpos="676" width="31" height="28" content="of" wc="0.98" cc="60" /> 
      <sp id="P1_SP00067" hpos="717" vpos="712" width="18" /> 
      <string id="P1_ST00078" hpos="735" vpos="676" width="210" height="37" content="gematigdheid." wc="1.00" cc="6132609010460" /> 
      <sp id="P1_SP00068" hpos="945" vpos="712" width="44" /> 
      <string id="P1_ST00079" hpos="989" vpos="676" width="69" height="38" content="Mijn" wc="1.00" cc="0308" /> 
     </textline> 
     <textline id="P1_TL00012" hpos="45" vpos="724" width="1011" height="43"> 
      <string id="P1_ST00080" hpos="45" vpos="724" width="115" height="38" content="politiek" wc="1.00" cc="05006055" /> 
      <sp id="P1_SP00069" hpos="159" vpos="762" width="30" /> 
      <string id="P1_ST00081" hpos="189" vpos="725" width="22" height="27" content="is" wc="0.98" cc="37" /> 
      <sp id="P1_SP00070" hpos="211" vpos="762" width="35" /> 
      <string id="P1_ST00082" hpos="247" vpos="725" width="76" height="38" content="altijd" wc="1.00" cc="986519" /> 
      <sp id="P1_SP00071" hpos="322" vpos="763" width="33" /> 
      <string id="P1_ST00083" hpos="356" vpos="731" width="117" height="32" content="geweest" wc="1.00" cc="9590265" /> 
      <sp id="P1_SP00072" hpos="472" vpos="763" width="32" /> 
      <string id="P1_ST00084" hpos="504" vpos="729" width="33" height="27" content="de" wc="0.98" cc="90" /> 
      <sp id="P1_SP00073" hpos="537" vpos="763" width="21" /> 
      <string id="P1_ST00085" hpos="559" vpos="729" width="66" height="27" content="orde" wc="1.00" cc="0705" /> 
      <sp id="P1_SP00074" hpos="625" vpos="763" width="20" /> 
      <string id="P1_ST00086" hpos="645" vpos="730" width="27" height="26" content="in" wc="0.98" cc="08" /> 
      <sp id="P1_SP00075" hpos="672" vpos="763" width="24" /> 
      <string ALTERNATIVE='B-LOC' id="P1_ST00087" hpos="696" vpos="729" width="112" height="38" content="Europa" wc="1.00" cc="469274" /> 
      <sp id="P1_SP00076" hpos="808" vpos="767" width="21" /> 
      <string id="P1_ST00088" hpos="829" vpos="732" width="26" height="25" content="te" wc="0.98" cc="00" /> 
      <sp id="P1_SP00077" hpos="855" vpos="767" width="22" /> 
      <string id="P1_ST00089" hpos="878" vpos="730" width="123" height="27" content="bewaren" wc="1.00" cc="5207007" /> 
      <sp id="P1_SP00078" hpos="1000" vpos="767" width="24" /> 
      <string id="P1_ST00090" hpos="1024" vpos="738" width="32" height="19" content="en" wc="0.98" cc="36" /> 
     </textline> 
     <textline id="P1_TL00013" hpos="46" vpos="780" width="1010" height="38"> 
      <string id="P1_ST00091" hpos="46" vpos="788" width="52" height="19" content="aan" wc="1.00" cc="466" /> 
      <sp id="P1_SP00079" hpos="98" vpos="807" width="25" /> 
      <string ALTERNATIVE='B-LOC' id="P1_ST00092" hpos="123" vpos="780" width="143" height="37" content="Frankrijk" wc="1.00" cc="704879037" /> 
      <sp id="P1_SP00080" hpos="266" vpos="816" width="21" /> 
      <string id="P1_ST00093" hpos="287" vpos="781" width="52" height="37" content="zijn" wc="1.00" cc="8008" /> 
      <sp id="P1_SP00081" hpos="339" vpos="817" width="21" /> 
      <string id="P1_ST00094" hpos="360" vpos="790" width="69" height="27" content="rang" wc="1.00" cc="9319" /> 
      <sp id="P1_SP00082" hpos="429" vpos="817" width="21" /> 
      <string id="P1_ST00095" hpos="450" vpos="787" width="26" height="22" content="te" wc="0.98" cc="00" /> 
      <sp id="P1_SP00083" hpos="476" vpos="817" width="24" /> 
      <string id="P1_ST00096" hpos="500" vpos="782" width="69" height="28" content="doen" wc="1.00" cc="9408" /> 
      <sp id="P1_SP00084" hpos="568" vpos="817" width="32" /> 
      <string id="P1_ST00097" hpos="600" vpos="782" width="143" height="30" content="behouden" wc="1.00" cc="14724907" /> 
      <sp id="P1_SP00085" hpos="743" vpos="817" width="15" /> 
      <string id="P1_ST00098" hpos="758" vpos="804" width="6" height="11" content="," wc="0.98" cc="0" /> 
      <sp id="P1_SP00086" hpos="764" vpos="817" width="32" /> 
      <string id="P1_ST00099" hpos="796" vpos="782" width="33" height="28" content="de" wc="0.98" cc="90" /> 
      <sp id="P1_SP00087" hpos="829" vpos="817" width="28" /> 
      <string id="P1_ST00100" hpos="857" vpos="782" width="119" height="28" content="alliantie" wc="1.00" cc="030367650" /> 
      <sp id="P1_SP00088" hpos="977" vpos="817" width="25" /> 
      <string id="P1_ST00101" hpos="1002" vpos="784" width="54" height="26" content="met" wc="1.00" cc="251" /> 
     </textline> 
     <textline id="P1_TL00014" hpos="45" vpos="831" width="1010" height="42"> 
      <string ALTERNATIVE='B-LOC' id="P1_ST00102" hpos="45" vpos="831" width="144" height="37" content="Engeland" wc="1.00" cc="78975757" /> 
      <sp id="P1_SP00089" hpos="189" vpos="868" width="21" /> 
      <string id="P1_ST00103" hpos="210" vpos="837" width="26" height="22" content="te" wc="0.98" cc="74" /> 
      <sp id="P1_SP00090" hpos="236" vpos="868" width="22" /> 
      <string id="P1_ST00104" hpos="259" vpos="835" width="154" height="35" content="bevestigen" wc="1.00" cc="7084570968" /> 
      <sp id="P1_SP00091" hpos="412" vpos="870" width="25" /> 
      <string id="P1_ST00105" hpos="437" vpos="843" width="32" height="19" content="en" wc="0.98" cc="35" /> 
      <sp id="P1_SP00092" hpos="469" vpos="870" width="24" /> 
      <string id="P1_ST00106" hpos="493" vpos="840" width="43" height="22" content="ten" wc="1.00" cc="456" /> 
      <sp id="P1_SP00093" hpos="535" vpos="870" width="25" /> 
      <string id="P1_ST00107" hpos="560" vpos="835" width="110" height="38" content="opzigte" wc="0.96" cc="7950000" /> 
      <sp id="P1_SP00094" hpos="670" vpos="873" width="21" /> 
      <string id="P1_ST00108" hpos="691" vpos="835" width="50" height="27" content="der" wc="1.00" cc="033" /> 
      <sp id="P1_SP00095" hpos="741" vpos="873" width="30" /> 
      <string id="P1_ST00109" hpos="770" vpos="835" width="211" height="38" content="mogendheden" wc="1.00" cc="98906976007" /> 
      <sp id="P1_SP00096" hpos="981" vpos="873" width="22" /> 
      <string id="P1_ST00110" hpos="1004" vpos="844" width="51" height="18" content="van" wc="1.00" cc="008" /> 
     </textline> 
     <textline id="P1_TL00015" hpos="52" vpos="879" width="1004" height="47"> 
      <string id="P1_ST00111" hpos="52" vpos="885" width="44" height="28" content="het" wc="1.00" cc="775" /> 
      <sp id="P1_SP00097" hpos="96" vpos="913" width="31" /> 
      <string id="P1_ST00112" hpos="126" vpos="885" width="139" height="28" content="vasteland" wc="1.00" cc="506040750" /> 
      <sp id="P1_SP00098" hpos="266" vpos="913" width="21" /> 
      <string id="P1_ST00113" hpos="287" vpos="886" width="83" height="38" content="mijne" wc="1.00" cc="64006" /> 
      <sp id="P1_SP00099" hpos="370" vpos="924" width="27" /> 
      <string id="P1_ST00114" hpos="397" vpos="887" width="185" height="38" content="genegenheid" wc="1.00" cc="92040077060" /> 
      <sp id="P1_SP00100" hpos="582" vpos="925" width="19" /> 
      <string id="P1_ST00115" hpos="601" vpos="887" width="96" height="38" content="jegens" wc="1.00" cc="279646" /> 
      <sp id="P1_SP00101" hpos="697" vpos="925" width="35" /> 
      <string id="P1_ST00116" hpos="732" vpos="879" width="193" height="47" content="heit^plijken" wc="0.96" cc="507189761927" /> 
      <sp id="P1_SP00102" hpos="925" vpos="926" width="20" /> 
      <string id="P1_ST00117" hpos="945" vpos="887" width="61" height="28" content="tred" wc="1.00" cc="1700" /> 
      <sp id="P1_SP00103" hpos="1006" vpos="926" width="24" /> 
      <string id="P1_ST00118" hpos="1030" vpos="892" width="26" height="24" content="te" wc="0.98" cc="60" /> 
     </textline> 
     <textline id="P1_TL00016" hpos="40" vpos="938" width="1012" height="40"> 
      <string id="P1_ST00119" hpos="40" vpos="938" width="71" height="27" content="doen" wc="1.00" cc="9068" /> 
      <sp id="P1_SP00104" hpos="111" vpos="965" width="25" /> 
      <string id="P1_ST00120" hpos="136" vpos="939" width="110" height="27" content="houden" wc="1.00" cc="743060" /> 
      <sp id="P1_SP00105" hpos="246" vpos="966" width="20" /> 
      <string id="P1_ST00121" hpos="266" vpos="944" width="54" height="24" content="met" wc="1.00" cc="702" /> 
      <sp id="P1_SP00106" hpos="320" vpos="967" width="22" /> 
      <string id="P1_ST00122" hpos="343" vpos="940" width="92" height="28" content="hunne" wc="1.00" cc="44812" /> 
      <sp id="P1_SP00107" hpos="435" vpos="969" width="21" /> 
      <string id="P1_ST00123" hpos="456" vpos="940" width="228" height="30" content="welwillendheid" wc="1.00" cc="74791054697050" /> 
      <sp id="P1_SP00108" hpos="684" vpos="970" width="18" /> 
      <string id="P1_ST00124" hpos="702" vpos="941" width="94" height="37" content="jegens" wc="1.00" cc="466076" /> 
      <sp id="P1_SP00109" hpos="796" vpos="978" width="12" /> 
      <string ALTERNATIVE='B-LOC' id="P1_ST00125" hpos="808" vpos="939" width="154" height="39" content="Frankrijk." wc="1.00" cc="9677054000" /> 
      <sp id="P1_SP00110" hpos="961" vpos="978" width="37" /> 
      <string id="P1_ST00126" hpos="998" vpos="939" width="54" height="30" content="Om" wc="0.98" cc="11" /> 
     </textline> 
     <textline id="P1_TL00017" hpos="39" vpos="990" width="1016" height="41"> 
      <string id="P1_ST00127" hpos="39" vpos="990" width="43" height="28" content="die" wc="1.00" cc="050" /> 
      <sp id="P1_SP00111" hpos="81" vpos="1018" width="25" /> 
      <string id="P1_ST00128" hpos="106" vpos="991" width="84" height="28" content="reden" wc="1.00" cc="60056" /> 
      <sp id="P1_SP00112" hpos="190" vpos="1019" width="21" /> 
      <string id="P1_ST00129" hpos="211" vpos="992" width="76" height="28" content="zeide" wc="0.96" cc="60405" /> 
      <sp id="P1_SP00113" hpos="287" vpos="1020" width="32" /> 
      <string id="P1_ST00130" hpos="319" vpos="992" width="26" height="28" content="ik" wc="0.98" cc="09" /> 
      <sp id="P1_SP00114" hpos="345" vpos="1020" width="32" /> 
      <string id="P1_ST00131" hpos="377" vpos="1003" width="65" height="18" content="voor" wc="1.00" cc="0350" /> 
      <sp id="P1_SP00115" hpos="442" vpos="1020" width="31" /> 
      <string id="P1_ST00132" hpos="472" vpos="993" width="94" height="37" content="eenige" wc="0.96" cc="276091" /> 
      <sp id="P1_SP00116" hpos="567" vpos="1030" width="17" /> 
      <string id="P1_ST00133" hpos="583" vpos="994" width="94" height="37" content="jaren:" wc="1.00" cc="005260" /> 
      <sp id="P1_SP00117" hpos="678" vpos="1031" width="26" /> 
      <string id="P1_ST00134" hpos="704" vpos="993" width="65" height="34" content="?het" wc="1.00" cc="0506" /> 
      <sp id="P1_SP00118" hpos="769" vpos="1031" width="24" /> 
      <string id="P1_ST00135" hpos="793" vpos="992" width="152" height="38" content="Keizerrijk" wc="1.00" cc="0007004608" /> 
      <sp id="P1_SP00119" hpos="945" vpos="1031" width="31" /> 
      <string id="P1_ST00136" hpos="976" vpos="993" width="22" height="28" content="is" wc="0.98" cc="37" /> 
      <sp id="P1_SP00120" hpos="998" vpos="1031" width="22" /> 
      <string id="P1_ST00137" hpos="1020" vpos="993" width="34" height="32" content="de" wc="0.98" cc="01" /> 
     </textline> 
     <textline id="P1_TL00018" hpos="38" vpos="1043" width="1012" height="42"> 
      <string id="P1_ST00138" hpos="38" vpos="1043" width="115" height="35" content="vrede&quot;," wc="1.00" cc="4540300" /> 
      <sp id="P1_SP00121" hpos="152" vpos="1078" width="35" /> 
      <string id="P1_ST00139" hpos="188" vpos="1055" width="45" height="19" content="om" wc="0.98" cc="16" /> 
      <sp id="P1_SP00122" hpos="233" vpos="1078" width="34" /> 
      <string id="P1_ST00140" hpos="267" vpos="1052" width="25" height="21" content="te" wc="0.98" cc="04" /> 
      <sp id="P1_SP00123" hpos="292" vpos="1078" width="28" /> 
      <string id="P1_ST00141" hpos="320" vpos="1049" width="103" height="26" content="toonen" wc="0.96" cc="346807" /> 
      <sp id="P1_SP00124" hpos="423" vpos="1078" width="32" /> 
      <string id="P1_ST00142" hpos="455" vpos="1045" width="46" height="30" content="dat" wc="1.00" cc="093" /> 
      <sp id="P1_SP00125" hpos="501" vpos="1078" width="27" /> 
      <string id="P1_ST00143" hpos="528" vpos="1046" width="45" height="28" content="het" wc="1.00" cc="765" /> 
      <sp id="P1_SP00126" hpos="573" vpos="1078" width="20" /> 
      <string id="P1_ST00144" hpos="593" vpos="1048" width="157" height="37" content="nageslacht" wc="1.00" cc="0100765667" /> 
      <sp id="P1_SP00127" hpos="750" vpos="1084" width="22" /> 
      <string id="P1_ST00145" hpos="772" vpos="1057" width="51" height="19" content="van" wc="1.00" cc="056" /> 
      <sp id="P1_SP00128" hpos="823" vpos="1084" width="25" /> 
      <string ALTERNATIVE='B-PER' id="P1_ST00146" hpos="848" vpos="1046" width="143" height="38" content="Napoleon" wc="1.00" cc="04717047" /> 
      <sp id="P1_SP00129" hpos="991" vpos="1084" width="24" /> 
      <string id="P1_ST00147" hpos="1015" vpos="1048" width="35" height="28" content="de" wc="0.98" cc="05" /> 
     </textline> 
     <textline id="P1_TL00019" hpos="39" vpos="1097" width="1011" height="40"> 
      <string id="P1_ST00148" hpos="39" vpos="1097" width="81" height="28" content="Vrede" wc="1.00" cc="45403" /> 
      <sp id="P1_SP00130" hpos="120" vpos="1126" width="15" /> 
      <string id="P1_ST00149" hpos="136" vpos="1097" width="53" height="30" content="wil." wc="1.00" cc="9550" /> 
      <sp id="P1_SP00131" hpos="189" vpos="1127" width="24" /> 
      <string id="P1_ST00150" hpos="213" vpos="1098" width="76" height="28" content="Door" wc="1.00" cc="6233" /> 
      <sp id="P1_SP00132" hpos="288" vpos="1127" width="11" /> 
      <string id="P1_ST00151" hpos="299" vpos="1098" width="157" height="37" content="Engelands" wc="0.96" cc="489877407" /> 
      <sp id="P1_SP00133" hpos="456" vpos="1135" width="21" /> 
      <string id="P1_ST00152" hpos="477" vpos="1098" width="142" height="39" content="Koningin" wc="1.00" cc="54626937" /> 
      <sp id="P1_SP00134" hpos="619" vpos="1137" width="13" /> 
      <string id="P1_ST00153" hpos="632" vpos="1109" width="32" height="19" content="en" wc="0.98" cc="06" /> 
      <sp id="P1_SP00135" hpos="664" vpos="1137" width="17" /> 
      <string id="P1_ST00154" hpos="680" vpos="1102" width="207" height="26" content="staatsmannen" wc="1.00" cc="424747174707" /> 
      <sp id="P1_SP00136" hpos="887" vpos="1137" width="13" /> 
      <string id="P1_ST00155" hpos="900" vpos="1100" width="73" height="28" content="werd" wc="1.00" cc="0010" /> 
      <sp id="P1_SP00137" hpos="973" vpos="1137" width="12" /> 
      <string id="P1_ST00156" hpos="985" vpos="1100" width="65" height="30" content="deze" wc="1.00" cc="0053" /> 
     </textline> 
     <textline id="P1_TL00020" hpos="34" vpos="1150" width="1017" height="41"> 
      <string id="P1_ST00157" hpos="34" vpos="1150" width="163" height="40" content="gezindheid" wc="1.00" cc="0354006220" /> 
      <sp id="P1_SP00138" hpos="197" vpos="1191" width="24" /> 
      <string id="P1_ST00158" hpos="221" vpos="1152" width="90" height="28" content="steeds" wc="1.00" cc="556009" /> 
      <sp id="P1_SP00139" hpos="311" vpos="1191" width="18" /> 
      <string id="P1_ST00159" hpos="328" vpos="1153" width="104" height="28" content="erkent." wc="1.00" cc="0700364" /> 
      <sp id="P1_SP00140" hpos="432" vpos="1191" width="44" /> 
      <string id="P1_ST00160" hpos="476" vpos="1154" width="72" height="27" content="Deze" wc="1.00" cc="6340" /> 
      <sp id="P1_SP00141" hpos="548" vpos="1191" width="21" /> 
      <string id="P1_ST00161" hpos="569" vpos="1154" width="122" height="27" content="alliantie" wc="1.00" cc="770567440" /> 
      <sp id="P1_SP00142" hpos="691" vpos="1191" width="15" /> 
      <string id="P1_ST00162" hpos="706" vpos="1163" width="53" height="19" content="was" wc="1.00" cc="017" /> 
      <sp id="P1_SP00143" hpos="759" vpos="1191" width="22" /> 
      <string id="P1_ST00163" hpos="782" vpos="1154" width="126" height="28" content="ondanks" wc="1.00" cc="2790706" /> 
      <sp id="P1_SP00144" hpos="908" vpos="1191" width="22" /> 
      <string id="P1_ST00164" hpos="931" vpos="1154" width="52" height="28" content="alle" wc="1.00" cc="0030" /> 
      <sp id="P1_SP00145" hpos="983" vpos="1191" width="15" /> 
      <string id="P1_ST00165" hpos="998" vpos="1165" width="35" height="19" content="we" subs_type="HypPart1" subs_content="wederwaardigheden" wc="1.00" cc="020" /> 
      <hyp hpos="1033" vpos="1165" width="18" content="-" /> 
     </textline> 
     <textline id="P1_TL00021" hpos="35" vpos="1204" width="1012" height="41"> 
      <string id="P1_ST00166" hpos="35" vpos="1204" width="259" height="39" content="derwaardigheden" subs_type="HypPart2" subs_content="wederwaardigheden" wc="1.00" cc="936960604052807" /> 
      <sp id="P1_SP00146" hpos="294" vpos="1243" width="22" /> 
      <string id="P1_ST00167" hpos="317" vpos="1207" width="181" height="33" content="vruchtbaar," wc="1.00" cc="04647371063" /> 
      <sp id="P1_SP00147" hpos="497" vpos="1243" width="24" /> 
      <string id="P1_ST00168" hpos="521" vpos="1206" width="137" height="39" content="bezorgde" wc="1.00" cc="50606040" /> 
      <sp id="P1_SP00148" hpos="658" vpos="1245" width="13" /> 
      <string id="P1_ST00169" hpos="671" vpos="1218" width="50" height="20" content="ons" wc="1.00" cc="080" /> 
      <sp id="P1_SP00149" hpos="720" vpos="1245" width="13" /> 
      <string id="P1_ST00170" hpos="733" vpos="1209" width="81" height="28" content="vrede" wc="1.00" cc="45000" /> 
      <sp id="P1_SP00150" hpos="815" vpos="1245" width="12" /> 
      <string id="P1_ST00171" hpos="827" vpos="1208" width="26" height="28" content="in" wc="0.98" cc="64" /> 
      <sp id="P1_SP00151" hpos="853" vpos="1245" width="24" /> 
      <string id="P1_ST00172" hpos="876" vpos="1206" width="45" height="31" content="het" wc="1.00" cc="720" /> 
      <sp id="P1_SP00152" hpos="921" vpos="1245" width="20" /> 
      <string id="P1_ST00173" hpos="941" vpos="1207" width="106" height="32" content="Oosten" wc="1.00" cc="067408" /> 
     </textline> 
     <textline id="P1_TL00022" hpos="35" vpos="1258" width="1016" height="42"> 
      <string id="P1_ST00174" hpos="35" vpos="1267" width="33" height="18" content="eu" wc="0.98" cc="08" /> 
      <sp id="P1_SP00153" hpos="69" vpos="1285" width="32" /> 
      <string id="P1_ST00175" hpos="100" vpos="1258" width="107" height="38" content="opende" wc="1.00" cc="470603" /> 
      <sp id="P1_SP00154" hpos="208" vpos="1296" width="33" /> 
      <string id="P1_ST00176" hpos="241" vpos="1258" width="46" height="30" content="het" wc="1.00" cc="724" /> 
      <sp id="P1_SP00155" hpos="287" vpos="1296" width="26" /> 
      <string id="P1_ST00177" hpos="313" vpos="1259" width="155" height="30" content="Chinesche" wc="0.96" cc="366704661" /> 
      <sp id="P1_SP00156" hpos="468" vpos="1296" width="31" /> 
      <string id="P1_ST00178" hpos="498" vpos="1260" width="50" height="38" content="rijk" wc="1.00" cc="4000" /> 
      <sp id="P1_SP00157" hpos="548" vpos="1298" width="33" /> 
      <string id="P1_ST00179" hpos="581" vpos="1271" width="69" height="20" content="voor" wc="1.00" cc="0460" /> 
      <sp id="P1_SP00158" hpos="650" vpos="1298" width="32" /> 
      <string id="P1_ST00180" hpos="681" vpos="1271" width="60" height="20" content="ons." wc="1.00" cc="5621" /> 
      <sp id="P1_SP00159" hpos="742" vpos="1298" width="44" /> 
      <string id="P1_ST00181" hpos="785" vpos="1263" width="214" height="37" content="Daarentegen," wc="1.00" cc="739704109062" /> 
      <sp id="P1_SP00160" hpos="999" vpos="1299" width="25" /> 
      <string id="P1_ST00182" hpos="1024" vpos="1264" width="27" height="28" content="ik" wc="0.98" cc="52" /> 
     </textline> 
     <textline id="P1_TL00023" hpos="34" vpos="1311" width="1017" height="37"> 
      <string id="P1_ST00183" hpos="34" vpos="1320" width="50" height="27" content="zeg" wc="1.00" cc="719" /> 
      <sp id="P1_SP00161" hpos="84" vpos="1348" width="21" /> 
      <string id="P1_ST00184" hpos="105" vpos="1311" width="45" height="28" content="het" wc="1.00" cc="304" /> 
      <sp id="P1_SP00162" hpos="150" vpos="1348" width="18" /> 
      <string id="P1_ST00185" hpos="168" vpos="1316" width="54" height="24" content="met" wc="1.00" cc="009" /> 
      <sp id="P1_SP00163" hpos="222" vpos="1348" width="22" /> 
      <string id="P1_ST00186" hpos="244" vpos="1311" width="168" height="35" content="leedwezen," wc="1.00" cc="0430016484" /> 
      <sp id="P1_SP00164" hpos="412" vpos="1348" width="28" /> 
      <string id="P1_ST00187" hpos="441" vpos="1323" width="54" height="19" content="was" wc="1.00" cc="834" /> 
      <sp id="P1_SP00165" hpos="495" vpos="1348" width="20" /> 
      <string id="P1_ST00188" hpos="515" vpos="1315" width="46" height="28" content="het" wc="1.00" cc="705" /> 
      <sp id="P1_SP00166" hpos="561" vpos="1348" width="21" /> 
      <string id="P1_ST00189" hpos="582" vpos="1313" width="111" height="30" content="kabinet" wc="1.00" cc="0000003" /> 
      <sp id="P1_SP00167" hpos="693" vpos="1348" width="30" /> 
      <string id="P1_ST00190" hpos="723" vpos="1324" width="51" height="20" content="van" wc="1.00" cc="046" /> 
      <sp id="P1_SP00168" hpos="774" vpos="1348" width="21" /> 
      <string ALTERNATIVE='B-LOC' id="P1_ST00191" hpos="795" vpos="1313" width="122" height="30" content="Weenen" wc="0.96" cc="800607" /> 
      <sp id="P1_SP00169" hpos="917" vpos="1348" width="30" /> 
      <string id="P1_ST00192" hpos="946" vpos="1325" width="34" height="19" content="en" wc="0.98" cc="07" /> 
      <sp id="P1_SP00170" hpos="980" vpos="1348" width="26" /> 
      <string id="P1_ST00193" hpos="1006" vpos="1317" width="45" height="27" content="het" wc="1.00" cc="600" /> 
     </textline> 
     <textline id="P1_TL00024" hpos="34" vpos="1363" width="1017" height="39"> 
      <string id="P1_ST00194" hpos="34" vpos="1363" width="81" height="39" content="mijne" wc="1.00" cc="03170" /> 
      <sp id="P1_SP00171" hpos="116" vpos="1402" width="27" /> 
      <string id="P1_ST00195" hpos="143" vpos="1374" width="64" height="20" content="over" wc="1.00" cc="4901" /> 
      <sp id="P1_SP00172" hpos="207" vpos="1402" width="21" /> 
      <string id="P1_ST00196" hpos="228" vpos="1364" width="34" height="30" content="de" wc="0.98" cc="00" /> 
      <sp id="P1_SP00173" hpos="262" vpos="1402" width="22" /> 
      <string id="P1_ST00197" hpos="285" vpos="1365" width="215" height="30" content="hoofdkwestien" wc="0.96" cc="0371009162668" /> 
      <sp id="P1_SP00174" hpos="500" vpos="1402" width="21" /> 
      <string id="P1_ST00198" hpos="521" vpos="1368" width="46" height="27" content="het" wc="1.00" cc="604" /> 
      <sp id="P1_SP00175" hpos="567" vpos="1402" width="25" /> 
      <string id="P1_ST00199" hpos="592" vpos="1367" width="67" height="28" content="vaak" wc="1.00" cc="0579" /> 
      <sp id="P1_SP00176" hpos="659" vpos="1402" width="25" /> 
      <string id="P1_ST00200" hpos="684" vpos="1368" width="54" height="30" content="niet" wc="1.00" cc="7409" /> 
      <sp id="P1_SP00177" hpos="738" vpos="1402" width="15" /> 
      <string id="P1_ST00201" hpos="754" vpos="1378" width="73" height="20" content="eens." wc="1.00" cc="04741" /> 
      <sp id="P1_SP00178" hpos="827" vpos="1402" width="32" /> 
      <string id="P1_ST00202" hpos="859" vpos="1368" width="38" height="28" content="Er" wc="0.98" cc="86" /> 
      <sp id="P1_SP00179" hpos="896" vpos="1402" width="18" /> 
      <string id="P1_ST00203" hpos="914" vpos="1378" width="56" height="20" content="was" wc="1.00" cc="906" /> 
      <sp id="P1_SP00180" hpos="970" vpos="1402" width="20" /> 
      <string id="P1_ST00204" hpos="990" vpos="1369" width="61" height="30" content="diks" wc="1.00" cc="0588" /> 
     </textline> 
     <textline id="P1_TL00025" hpos="33" vpos="1417" width="1014" height="46"> 
      <string id="P1_ST00205" hpos="33" vpos="1417" width="67" height="37" content="wijls" wc="0.96" cc="88106" /> 
      <sp id="P1_SP00181" hpos="100" vpos="1454" width="20" /> 
      <string id="P1_ST00206" hpos="120" vpos="1419" width="56" height="27" content="veel" wc="1.00" cc="9031" /> 
      <sp id="P1_SP00182" hpos="176" vpos="1454" width="22" /> 
      <string id="P1_ST00207" hpos="198" vpos="1422" width="76" height="33" content="geest" wc="1.00" cc="95079" /> 
      <sp id="P1_SP00183" hpos="274" vpos="1455" width="18" /> 
      <string id="P1_ST00208" hpos="292" vpos="1429" width="50" height="19" content="van" wc="1.00" cc="037" /> 
      <sp id="P1_SP00184" hpos="341" vpos="1455" width="20" /> 
      <string id="P1_ST00209" hpos="361" vpos="1422" width="164" height="35" content="verzoening" wc="1.00" cc="0126527339" /> 
      <sp id="P1_SP00185" hpos="526" vpos="1457" width="22" /> 
      <string id="P1_ST00210" hpos="548" vpos="1421" width="103" height="39" content="noodig" wc="0.96" cc="736040" /> 
      <sp id="P1_SP00186" hpos="651" vpos="1460" width="19" /> 
      <string id="P1_ST00211" hpos="670" vpos="1423" width="65" height="28" content="deze" wc="1.00" cc="0080" /> 
      <sp id="P1_SP00187" hpos="735" vpos="1460" width="21" /> 
      <string id="P1_ST00212" hpos="756" vpos="1433" width="37" height="30" content="op" wc="0.98" cc="18" /> 
      <sp id="P1_SP00188" hpos="793" vpos="1462" width="20" /> 
      <string id="P1_ST00213" hpos="813" vpos="1426" width="26" height="28" content="te" wc="0.98" cc="33" /> 
      <sp id="P1_SP00189" hpos="839" vpos="1462" width="22" /> 
      <string id="P1_ST00214" hpos="861" vpos="1426" width="102" height="30" content="lossen." wc="1.00" cc="8026050" /> 
      <sp id="P1_SP00190" hpos="963" vpos="1462" width="28" /> 
      <string id="P1_ST00215" hpos="991" vpos="1426" width="56" height="28" content="Zoo" wc="1.00" cc="800" /> 
     </textline> 
     <textline id="P1_TL00026" hpos="32" vpos="1469" width="1013" height="43"> 
      <string id="P1_ST00216" hpos="32" vpos="1469" width="126" height="38" content="eindigen" wc="1.00" cc="14603917" /> 
      <sp id="P1_SP00191" hpos="158" vpos="1507" width="24" /> 
      <string id="P1_ST00217" hpos="182" vpos="1472" width="33" height="28" content="de" wc="0.98" cc="00" /> 
      <sp id="P1_SP00192" hpos="215" vpos="1507" width="22" /> 
      <string id="P1_ST00218" hpos="237" vpos="1473" width="272" height="39" content="onderhandelingen" wc="1.00" cc="0802762600057907" /> 
      <sp id="P1_SP00193" hpos="509" vpos="1512" width="31" /> 
      <string id="P1_ST00219" hpos="540" vpos="1475" width="167" height="31" content="betreffende" wc="1.00" cc="50600110500" /> 
      <sp id="P1_SP00194" hpos="706" vpos="1512" width="33" /> 
      <string id="P1_ST00220" hpos="739" vpos="1480" width="34" height="27" content="de" wc="0.98" cc="80" /> 
      <sp id="P1_SP00195" hpos="774" vpos="1512" width="30" /> 
      <string id="P1_ST00221" hpos="803" vpos="1481" width="242" height="30" content="vorstendommen" wc="1.00" cc="9034407028408" /> 
     </textline> 
     <textline id="P1_TL00027" hpos="32" vpos="1525" width="1013" height="46"> 
      <string id="P1_ST00222" hpos="32" vpos="1526" width="72" height="26" content="eerst" wc="1.00" cc="60668" /> 
      <sp id="P1_SP00196" hpos="104" vpos="1552" width="22" /> 
      <string id="P1_ST00223" hpos="126" vpos="1533" width="35" height="19" content="na" wc="0.98" cc="77" /> 
      <sp id="P1_SP00197" hpos="162" vpos="1552" width="22" /> 
      <string id="P1_ST00224" hpos="184" vpos="1525" width="57" height="28" content="vele" wc="1.00" cc="1010" /> 
      <sp id="P1_SP00198" hpos="241" vpos="1553" width="27" /> 
      <string id="P1_ST00225" hpos="268" vpos="1526" width="188" height="39" content="zwarigheden" wc="1.00" cc="79594070022" /> 
      <sp id="P1_SP00199" hpos="456" vpos="1565" width="25" /> 
      <string id="P1_ST00226" hpos="481" vpos="1532" width="40" height="25" content="tot" wc="1.00" cc="568" /> 
      <sp id="P1_SP00200" hpos="521" vpos="1565" width="21" /> 
      <string id="P1_ST00227" hpos="542" vpos="1528" width="48" height="30" content="dat" wc="1.00" cc="504" /> 
      <sp id="P1_SP00201" hpos="591" vpos="1565" width="21" /> 
      <string id="P1_ST00228" hpos="612" vpos="1530" width="138" height="31" content="derzelver" wc="0.96" cc="007601055" /> 
      <sp id="P1_SP00202" hpos="750" vpos="1565" width="26" /> 
      <string id="P1_ST00229" hpos="776" vpos="1533" width="107" height="38" content="wettige" wc="1.00" cc="0039391" /> 
      <sp id="P1_SP00203" hpos="883" vpos="1571" width="19" /> 
      <string id="P1_ST00230" hpos="902" vpos="1534" width="143" height="31" content="wenschen" wc="0.96" cc="90763747" /> 
     </textline> 
     <textline id="P1_TL00028" hpos="32" vpos="1577" width="1010" height="50"> 
      <string id="P1_ST00231" hpos="32" vpos="1577" width="128" height="38" content="eindelijk" wc="1.00" cc="307003506" /> 
      <sp id="P1_SP00204" hpos="159" vpos="1615" width="26" /> 
      <string id="P1_ST00232" hpos="185" vpos="1578" width="115" height="30" content="vervuld" wc="1.00" cc="7070708" /> 
      <sp id="P1_SP00205" hpos="300" vpos="1615" width="19" /> 
      <string id="P1_ST00233" hpos="319" vpos="1579" width="111" height="31" content="konden" wc="1.00" cc="156907" /> 
      <sp id="P1_SP00206" hpos="430" vpos="1615" width="24" /> 
      <string id="P1_ST00234" hpos="454" vpos="1583" width="120" height="28" content="worden." wc="1.00" cc="2470060" /> 
      <sp id="P1_SP00207" hpos="574" vpos="1615" width="45" /> 
      <string id="P1_ST00235" hpos="619" vpos="1583" width="97" height="31" content="Onder" wc="1.00" cc="17026" /> 
      <sp id="P1_SP00208" hpos="716" vpos="1615" width="21" /> 
      <string id="P1_ST00236" hpos="737" vpos="1585" width="66" height="30" content="deze" wc="1.00" cc="0376" /> 
      <sp id="P1_SP00209" hpos="803" vpos="1615" width="32" /> 
      <string id="P1_ST00237" hpos="835" vpos="1587" width="190" height="39" content="omstandighe" subs_type="HypPart1" subs_content="omstandigheden" wc="1.00" cc="237435009500" /> 
      <hyp hpos="1025" vpos="1587" width="17" content="-" /> 
     </textline> 
     <textline id="P1_TL00029" hpos="32" vpos="1630" width="1012" height="46"> 
      <string id="P1_ST00238" hpos="32" vpos="1630" width="51" height="28" content="den" subs_type="HypPart2" subs_content="omstandigheden" wc="1.00" cc="957" /> 
      <sp id="P1_SP00210" hpos="83" vpos="1658" width="22" /> 
      <string id="P1_ST00239" hpos="105" vpos="1641" width="54" height="19" content="was" wc="1.00" cc="932" /> 
      <sp id="P1_SP00211" hpos="159" vpos="1659" width="22" /> 
      <string id="P1_ST00240" hpos="182" vpos="1631" width="44" height="30" content="het" wc="1.00" cc="606" /> 
      <sp id="P1_SP00212" hpos="226" vpos="1661" width="22" /> 
      <string id="P1_ST00241" hpos="248" vpos="1632" width="70" height="30" content="niets" wc="1.00" cc="60033" /> 
      <sp id="P1_SP00213" hpos="318" vpos="1662" width="21" /> 
      <string id="P1_ST00242" hpos="339" vpos="1636" width="204" height="38" content="onnatuurlijk," wc="1.00" cc="1346567010103" /> 
      <sp id="P1_SP00214" hpos="543" vpos="1674" width="33" /> 
      <string id="P1_ST00243" hpos="576" vpos="1637" width="46" height="30" content="dat" wc="1.00" cc="091" /> 
      <sp id="P1_SP00215" hpos="622" vpos="1674" width="31" /> 
      <string ALTERNATIVE='B-LOC' id="P1_ST00244" hpos="653" vpos="1637" width="145" height="39" content="Frankrijk" wc="1.00" cc="770709000" /> 
      <sp id="P1_SP00216" hpos="798" vpos="1676" width="33" /> 
      <string id="P1_ST00245" hpos="831" vpos="1639" width="57" height="30" content="zich" wc="1.00" cc="7007" /> 
      <sp id="P1_SP00217" hpos="888" vpos="1676" width="30" /> 
      <string id="P1_ST00246" hpos="918" vpos="1650" width="126" height="21" content="naauwer" wc="0.96" cc="7706845" /> 
     </textline> 
     <textline id="P1_TL00030" hpos="31" vpos="1682" width="1012" height="51"> 
      <string id="P1_ST00247" hpos="31" vpos="1682" width="125" height="31" content="aansloot" wc="1.00" cc="77773049" /> 
      <sp id="P1_SP00218" hpos="156" vpos="1713" width="21" /> 
      <string id="P1_ST00248" hpos="177" vpos="1695" width="51" height="19" content="aan" wc="1.00" cc="507" /> 
      <sp id="P1_SP00219" hpos="228" vpos="1714" width="18" /> 
      <string ALTERNATIVE='B-LOC' id="P1_ST00249" hpos="246" vpos="1685" width="144" height="35" content="Piemont," wc="0.96" cc="80032762" /> 
      <sp id="P1_SP00220" hpos="390" vpos="1721" width="21" /> 
      <string id="P1_ST00250" hpos="411" vpos="1689" width="115" height="30" content="hetwelk" wc="1.00" cc="7049013" /> 
      <sp id="P1_SP00221" hpos="526" vpos="1721" width="12" /> 
      <string id="P1_ST00251" hpos="537" vpos="1693" width="90" height="27" content="trouw" wc="1.00" cc="37549" /> 
      <sp id="P1_SP00222" hpos="627" vpos="1721" width="20" /> 
      <string id="P1_ST00252" hpos="647" vpos="1690" width="28" height="31" content="in" wc="0.98" cc="35" /> 
      <sp id="P1_SP00223" hpos="676" vpos="1721" width="13" /> 
      <string id="P1_ST00253" hpos="689" vpos="1691" width="80" height="30" content="vrede" wc="1.00" cc="36300" /> 
      <sp id="P1_SP00224" hpos="769" vpos="1721" width="13" /> 
      <string id="P1_ST00254" hpos="782" vpos="1702" width="33" height="20" content="en" wc="0.98" cc="08" /> 
      <sp id="P1_SP00225" hpos="815" vpos="1722" width="13" /> 
      <string id="P1_ST00255" hpos="828" vpos="1694" width="26" height="28" content="iv" wc="0.98" cc="06" /> 
      <sp id="P1_SP00226" hpos="854" vpos="1722" width="17" /> 
      <string id="P1_ST00256" hpos="870" vpos="1695" width="96" height="38" content="oorlog" wc="1.00" cc="347030" /> 
      <sp id="P1_SP00227" hpos="966" vpos="1733" width="12" /> 
      <string id="P1_ST00257" hpos="978" vpos="1706" width="65" height="20" content="wai." wc="0.96" cc="0380" /> 
     </textline> 
     <textline id="P1_TL00031" hpos="71" vpos="1736" width="973" height="51"> 
      <string id="P1_ST00258" hpos="71" vpos="1736" width="53" height="30" content="Om" wc="0.98" cc="40" /> 
      <sp id="P1_SP00228" hpos="124" vpos="1766" width="26" /> 
      <string id="P1_ST00259" hpos="150" vpos="1737" width="41" height="30" content="die" wc="1.00" cc="600" /> 
      <sp id="P1_SP00229" hpos="191" vpos="1767" width="20" /> 
      <string id="P1_ST00260" hpos="211" vpos="1740" width="83" height="28" content="reden" wc="1.00" cc="52000" /> 
      <sp id="P1_SP00230" hpos="294" vpos="1768" width="25" /> 
      <string id="P1_ST00261" hpos="319" vpos="1741" width="109" height="31" content="behoeft" wc="1.00" cc="4161011" /> 
      <sp id="P1_SP00231" hpos="428" vpos="1772" width="22" /> 
      <string id="P1_ST00262" hpos="450" vpos="1754" width="60" height="20" content="men" wc="1.00" cc="667" /> 
      <sp id="P1_SP00232" hpos="510" vpos="1774" width="20" /> 
      <string id="P1_ST00263" hpos="530" vpos="1744" width="45" height="30" content="het" wc="1.00" cc="005" /> 
      <sp id="P1_SP00233" hpos="575" vpos="1774" width="22" /> 
      <string id="P1_ST00264" hpos="598" vpos="1746" width="126" height="39" content="huwelijk" wc="1.00" cc="43000119" /> 
      <sp id="P1_SP00234" hpos="724" vpos="1785" width="24" /> 
      <string id="P1_ST00265" hpos="748" vpos="1757" width="51" height="19" content="van" wc="1.00" cc="578" /> 
      <sp id="P1_SP00235" hpos="798" vpos="1785" width="22" /> 
      <string id="P1_ST00266" hpos="821" vpos="1748" width="80" height="39" content="mijne" wc="1.00" cc="74266" /> 
      <sp id="P1_SP00236" hpos="901" vpos="1787" width="22" /> 
      <string id="P1_ST00267" hpos="924" vpos="1749" width="120" height="38" content="geliefd&raquo;" wc="1.00" cc="97556995" /> 
     </textline> 
    </textblock> 
   </printspace> 
  </page> 
 </layout> 
</alto>
