<?xml version="1.0" encoding="UTF-8"?> 
<alto xmlns="http://schema.ccs-gmbh.com/ALTO" xmlns:xlink="http://www.w3.org/1999/xlink"> 
 <description> 
  <measurementunit>
   pixel
  </measurementunit> 
  <sourceimageinformation> 
   <filename>
    DDD_000014128_002.jp2
   </filename> 
  </sourceimageinformation> 
  <ocrprocessing id="OCRPROCESSING_1"> 
   <preprocessingstep> 
    <processingdatetime>
     2009-01-29
    </processingdatetime> 
    <processingagency>
     CCS Content Conversion Specialists GmbH, www.content-conversion.com
    </processingagency> 
    <processingstepdescription>
     align
    </processingstepdescription> 
    <processingstepsettings>
     CCS OCR Processing Filter
    </processingstepsettings> 
    <processingsoftware> 
     <softwarecreator>
      CCS Content Conversion Specialists GmbH, Germany
     </softwarecreator> 
     <softwarename>
      CCS docWORKS
     </softwarename> 
     <softwareversion>
      6.3-0.47
     </softwareversion> 
     <applicationdescription></applicationdescription> 
    </processingsoftware> 
   </preprocessingstep> 
   <ocrprocessingstep> 
    <processingsoftware> 
     <softwarecreator>
      ABBYY (BIT Software), Russia
     </softwarecreator> 
     <softwarename>
      Finereader
     </softwarename> 
     <softwareversion>
      8.1
     </softwareversion> 
    </processingsoftware> 
   </ocrprocessingstep> 
  </ocrprocessing> 
 </description> 
 <styles> 
  <textstyle id="TXT_0" fontsize="9" fontfamily="Times New Roman" /> 
  <textstyle id="TXT_1" fontsize="9" fontfamily="Times New Roman" fontstyle="italics" /> 
  <paragraphstyle id="PAR_LEFT" align="Left" /> 
  <paragraphstyle id="PAR_CENTER" align="Center" /> 
 </styles> 
 <layout> 
  <page id="P2" physical_img_nr="2" height="1817" width="1084" position="Single" pc="0.992"> 
   <topmargin id="P2_TM00001" hpos="0" vpos="0" width="1084" height="102" /> 
   <leftmargin id="P2_LM00001" hpos="0" vpos="102" width="19" height="1618" /> 
   <rightmargin id="P2_RM00001" hpos="1051" vpos="102" width="33" height="1618" /> 
   <bottommargin id="P2_BM00001" hpos="0" vpos="1720" width="1084" height="97" /> 
   <printspace id="P2_PS00001" hpos="19" vpos="102" width="1032" height="1618"> 
    <textblock id="P2_TB00001" hpos="19" vpos="102" width="1032" height="1513" stylerefs="TXT_0 PAR_LEFT"> 
     <textline id="P2_TL00001" hpos="32" vpos="105" width="1016" height="39"> 
      <string id="P2_ST00001" hpos="32" vpos="105" width="74" height="31" content="nicht" wc="1.00" cc="70779" /> 
      <sp id="P2_SP00001" hpos="106" vpos="136" width="21" /> 
      <string id="P2_ST00002" hpos="128" vpos="105" width="56" height="31" content="niet" wc="1.00" cc="7612" /> 
      <sp id="P2_SP00002" hpos="183" vpos="136" width="21" /> 
      <string id="P2_ST00003" hpos="204" vpos="107" width="39" height="28" content="als" wc="1.00" cc="577" /> 
      <sp id="P2_SP00003" hpos="243" vpos="136" width="24" /> 
      <string id="P2_ST00004" hpos="267" vpos="117" width="47" height="19" content="een" wc="1.00" cc="554" /> 
      <sp id="P2_SP00004" hpos="314" vpos="136" width="24" /> 
      <string id="P2_ST00005" hpos="338" vpos="107" width="99" height="37" content="gevolg" wc="1.00" cc="970709" /> 
      <sp id="P2_SP00005" hpos="437" vpos="144" width="21" /> 
      <string id="P2_ST00006" hpos="458" vpos="117" width="51" height="19" content="van" wc="1.00" cc="983" /> 
      <sp id="P2_SP00006" hpos="509" vpos="144" width="28" /> 
      <string id="P2_ST00007" hpos="537" vpos="106" width="150" height="38" content="verborgen" wc="1.00" cc="503740944" /> 
      <sp id="P2_SP00007" hpos="687" vpos="144" width="12" /> 
      <string id="P2_ST00008" hpos="699" vpos="107" width="250" height="37" content="beweeggronden," wc="1.00" cc="00931977159030" /> 
      <sp id="P2_SP00008" hpos="950" vpos="144" width="25" /> 
      <string id="P2_ST00009" hpos="974" vpos="118" width="73" height="19" content="maar" wc="1.00" cc="7675" /> 
     </textline> 
     <textline id="P2_TL00002" hpos="27" vpos="158" width="1021" height="40"> 
      <string id="P2_ST00010" hpos="27" vpos="158" width="40" height="33" content="als" wc="1.00" cc="617" /> 
      <sp id="P2_SP00009" hpos="67" vpos="191" width="21" /> 
      <string id="P2_ST00011" hpos="89" vpos="169" width="48" height="19" content="een" wc="1.00" cc="002" /> 
      <sp id="P2_SP00010" hpos="137" vpos="191" width="21" /> 
      <string id="P2_ST00012" hpos="158" vpos="159" width="98" height="38" content="gevolg" wc="1.00" cc="920708" /> 
      <sp id="P2_SP00011" hpos="256" vpos="197" width="27" /> 
      <string id="P2_ST00013" hpos="283" vpos="169" width="50" height="20" content="van" wc="1.00" cc="660" /> 
      <sp id="P2_SP00012" hpos="333" vpos="197" width="24" /> 
      <string id="P2_ST00014" hpos="357" vpos="159" width="283" height="39" content="gemeenschappelijk" wc="1.00" cc="02900750767900530" /> 
      <sp id="P2_SP00013" hpos="640" vpos="198" width="25" /> 
      <string id="P2_ST00015" hpos="665" vpos="159" width="99" height="38" content="belang" wc="1.00" cc="732660" /> 
      <sp id="P2_SP00014" hpos="764" vpos="198" width="12" /> 
      <string id="P2_ST00016" hpos="776" vpos="169" width="51" height="20" content="van" wc="1.00" cc="857" /> 
      <sp id="P2_SP00015" hpos="827" vpos="198" width="21" /> 
      <string id="P2_ST00017" hpos="848" vpos="159" width="80" height="30" content="beide" wc="1.00" cc="73603" /> 
      <sp id="P2_SP00016" hpos="928" vpos="198" width="18" /> 
      <string id="P2_ST00018" hpos="946" vpos="161" width="102" height="30" content="landen" wc="1.00" cc="547025" /> 
     </textline> 
     <textline id="P2_TL00003" hpos="26" vpos="210" width="772" height="44"> 
      <string id="P2_ST00019" hpos="26" vpos="236" width="14" height="18" content="e" style="subscript" wc="0.98" cc="6" /> 
      <string id="P2_ST00020" hpos="43" vpos="221" width="17" height="19" content="n" wc="0.98" cc="6" /> 
      <sp id="P2_SP00017" hpos="59" vpos="254" width="20" /> 
      <string id="P2_ST00021" hpos="79" vpos="210" width="45" height="30" content="dat" wc="1.00" cc="094" /> 
      <sp id="P2_SP00018" hpos="124" vpos="254" width="18" /> 
      <string id="P2_ST00022" hpos="142" vpos="221" width="51" height="20" content="van" wc="1.00" cc="754" /> 
      <sp id="P2_SP00019" hpos="193" vpos="254" width="18" /> 
      <string id="P2_ST00023" hpos="210" vpos="213" width="89" height="28" content="beidei" wc="1.00" cc="756901" /> 
      <sp id="P2_SP00020" hpos="299" vpos="254" width="27" /> 
      <string id="P2_ST00024" hpos="326" vpos="213" width="209" height="28" content="vorstenhuizen" wc="1.00" cc="4276555760664" /> 
      <sp id="P2_SP00021" hpos="535" vpos="254" width="21" /> 
      <string id="P2_ST00025" hpos="556" vpos="216" width="27" height="25" content="te" wc="0.98" cc="10" /> 
      <sp id="P2_SP00022" hpos="583" vpos="254" width="21" /> 
      <string id="P2_ST00026" hpos="605" vpos="214" width="193" height="30" content="beschouwen." wc="1.00" cc="62567579060" /> 
     </textline> 
     <textline id="P2_TL00004" hpos="66" vpos="265" width="983" height="40"> 
      <string id="P2_ST00027" hpos="66" vpos="265" width="97" height="31" content="Sedert" wc="1.00" cc="760052" /> 
      <sp id="P2_SP00023" hpos="163" vpos="295" width="33" /> 
      <string id="P2_ST00028" hpos="196" vpos="266" width="113" height="38" content="eenigen" wc="0.96" cc="1052948" /> 
      <sp id="P2_SP00024" hpos="309" vpos="304" width="27" /> 
      <string id="P2_ST00029" hpos="337" vpos="266" width="48" height="39" content="tijd" wc="1.00" cc="7110" /> 
      <sp id="P2_SP00025" hpos="385" vpos="305" width="34" /> 
      <string id="P2_ST00030" hpos="419" vpos="266" width="71" height="28" content="heeft" wc="1.00" cc="70429" /> 
      <sp id="P2_SP00026" hpos="490" vpos="305" width="22" /> 
      <string id="P2_ST00031" hpos="513" vpos="266" width="106" height="30" content="Italie's" wc="0.96" cc="03065306" /> 
      <sp id="P2_SP00027" hpos="619" vpos="305" width="27" /> 
      <string id="P2_ST00032" hpos="646" vpos="267" width="161" height="30" content="abnormale" wc="1.00" cc="967576600" /> 
      <sp id="P2_SP00028" hpos="807" vpos="305" width="27" /> 
      <string id="P2_ST00033" hpos="834" vpos="268" width="143" height="34" content="toestand," wc="1.00" cc="763856800" /> 
      <sp id="P2_SP00029" hpos="977" vpos="305" width="27" /> 
      <string id="P2_ST00034" hpos="1004" vpos="269" width="45" height="30" content="die" wc="1.00" cc="117" /> 
     </textline> 
     <textline id="P2_TL00005" hpos="26" vpos="318" width="1020" height="40"> 
      <string id="P2_ST00035" hpos="26" vpos="318" width="70" height="30" content="door" wc="1.00" cc="9226" /> 
      <sp id="P2_SP00030" hpos="96" vpos="347" width="21" /> 
      <string id="P2_ST00036" hpos="117" vpos="330" width="85" height="27" content="geene" wc="0.96" cc="95483" /> 
      <sp id="P2_SP00031" hpos="202" vpos="357" width="20" /> 
      <string id="P2_ST00037" hpos="222" vpos="319" width="137" height="39" content="bezetting" wc="1.00" cc="525064669" /> 
      <sp id="P2_SP00032" hpos="359" vpos="358" width="22" /> 
      <string id="P2_ST00038" hpos="381" vpos="328" width="50" height="20" content="van" wc="1.00" cc="303" /> 
      <sp id="P2_SP00033" hpos="431" vpos="358" width="21" /> 
      <string id="P2_ST00039" hpos="452" vpos="320" width="129" height="28" content="vreemde" wc="1.00" cc="9501082" /> 
      <sp id="P2_SP00034" hpos="581" vpos="358" width="19" /> 
      <string id="P2_ST00040" hpos="600" vpos="324" width="118" height="34" content="troepen" wc="1.00" cc="6472535" /> 
      <sp id="P2_SP00035" hpos="718" vpos="358" width="26" /> 
      <string id="P2_ST00041" hpos="744" vpos="320" width="151" height="31" content="veranderd" wc="1.00" cc="910948090" /> 
      <sp id="P2_SP00036" hpos="895" vpos="358" width="15" /> 
      <string id="P2_ST00042" hpos="911" vpos="320" width="52" height="30" content="kan" wc="1.00" cc="405" /> 
      <sp id="P2_SP00037" hpos="963" vpos="358" width="14" /> 
      <string id="P2_ST00043" hpos="977" vpos="332" width="52" height="20" content="wor" subs_type="HypPart1" subs_content="worden," wc="1.00" cc="9364" /> 
      <hyp hpos="1029" vpos="332" width="17" content="-" /> 
     </textline> 
     <textline id="P2_TL00006" hpos="26" vpos="371" width="1019" height="43"> 
      <string id="P2_ST00044" hpos="26" vpos="371" width="72" height="35" content="den," subs_type="HypPart2" subs_content="worden," wc="1.00" cc="9070" /> 
      <sp id="P2_SP00038" hpos="98" vpos="406" width="22" /> 
      <string id="P2_ST00045" hpos="120" vpos="372" width="34" height="30" content="de" wc="0.98" cc="90" /> 
      <sp id="P2_SP00039" hpos="155" vpos="406" width="24" /> 
      <string id="P2_ST00046" hpos="178" vpos="371" width="161" height="40" content="diplomatie" wc="1.00" cc="9094687670" /> 
      <sp id="P2_SP00040" hpos="339" vpos="411" width="28" /> 
      <string id="P2_ST00047" hpos="367" vpos="376" width="56" height="26" content="met" wc="1.00" cc="416" /> 
      <sp id="P2_SP00041" hpos="423" vpos="411" width="26" /> 
      <string id="P2_ST00048" hpos="449" vpos="377" width="60" height="33" content="regt" wc="0.96" cc="6053" /> 
      <sp id="P2_SP00042" hpos="509" vpos="411" width="27" /> 
      <string id="P2_ST00049" hpos="536" vpos="378" width="169" height="25" content="verontrust." wc="1.00" cc="70107092643" /> 
      <sp id="P2_SP00043" hpos="705" vpos="411" width="44" /> 
      <string id="P2_ST00050" hpos="749" vpos="374" width="47" height="30" content="Dit" wc="1.00" cc="539" /> 
      <sp id="P2_SP00044" hpos="796" vpos="411" width="21" /> 
      <string id="P2_ST00051" hpos="817" vpos="374" width="24" height="30" content="is" wc="0.98" cc="07" /> 
      <sp id="P2_SP00045" hpos="841" vpos="411" width="20" /> 
      <string id="P2_ST00052" hpos="861" vpos="376" width="93" height="28" content="echter" wc="1.00" cc="056603" /> 
      <sp id="P2_SP00046" hpos="954" vpos="411" width="21" /> 
      <string id="P2_ST00053" hpos="976" vpos="385" width="69" height="28" content="geen" wc="1.00" cc="3400" /> 
     </textline> 
     <textline id="P2_TL00007" hpos="26" vpos="425" width="776" height="38"> 
      <string id="P2_ST00054" hpos="26" vpos="435" width="183" height="28" content="genoegzame" wc="1.00" cc="9402795966" /> 
      <sp id="P2_SP00047" hpos="209" vpos="463" width="20" /> 
      <string id="P2_ST00055" hpos="229" vpos="425" width="90" height="38" content="grond" wc="1.00" cc="90479" /> 
      <sp id="P2_SP00048" hpos="319" vpos="463" width="24" /> 
      <string id="P2_ST00056" hpos="343" vpos="436" width="44" height="19" content="om" wc="0.98" cc="60" /> 
      <sp id="P2_SP00049" hpos="386" vpos="463" width="27" /> 
      <string id="P2_ST00057" hpos="413" vpos="436" width="50" height="19" content="aan" wc="1.00" cc="768" /> 
      <sp id="P2_SP00050" hpos="463" vpos="463" width="27" /> 
      <string id="P2_ST00058" hpos="490" vpos="426" width="98" height="37" content="oorlog" wc="1.00" cc="209624" /> 
      <sp id="P2_SP00051" hpos="588" vpos="463" width="21" /> 
      <string id="P2_ST00059" hpos="609" vpos="430" width="26" height="25" content="te" wc="0.98" cc="36" /> 
      <sp id="P2_SP00052" hpos="635" vpos="463" width="24" /> 
      <string id="P2_ST00060" hpos="659" vpos="426" width="143" height="37" content="gelooven." wc="0.96" cc="000530780" /> 
     </textline> 
     <textline id="P2_TL00008" hpos="65" vpos="478" width="978" height="41"> 
      <string id="P2_ST00061" hpos="65" vpos="478" width="117" height="38" content="Mogten" wc="0.96" cc="260007" /> 
      <sp id="P2_SP00053" hpos="182" vpos="516" width="28" /> 
      <string id="P2_ST00062" hpos="210" vpos="488" width="28" height="19" content="er" wc="0.98" cc="20" /> 
      <sp id="P2_SP00054" hpos="239" vpos="516" width="28" /> 
      <string id="P2_ST00063" hpos="267" vpos="480" width="112" height="35" content="eenigen" wc="0.96" cc="0370055" /> 
      <sp id="P2_SP00055" hpos="379" vpos="516" width="27" /> 
      <string id="P2_ST00064" hpos="406" vpos="478" width="52" height="38" content="zijn" wc="1.00" cc="5006" /> 
      <sp id="P2_SP00056" hpos="458" vpos="516" width="31" /> 
      <string id="P2_ST00065" hpos="489" vpos="478" width="44" height="30" content="die" wc="1.00" cc="740" /> 
      <sp id="P2_SP00057" hpos="533" vpos="516" width="28" /> 
      <string id="P2_ST00066" hpos="561" vpos="480" width="106" height="28" content="zonder" wc="1.00" cc="418952" /> 
      <sp id="P2_SP00058" hpos="667" vpos="516" width="25" /> 
      <string id="P2_ST00067" hpos="692" vpos="482" width="109" height="34" content="wettige" wc="1.00" cc="0004096" /> 
      <sp id="P2_SP00059" hpos="801" vpos="516" width="28" /> 
      <string id="P2_ST00068" hpos="829" vpos="480" width="124" height="39" content="gronden" wc="1.00" cc="9308727" /> 
      <sp id="P2_SP00060" hpos="953" vpos="519" width="38" /> 
      <string id="P2_ST00069" hpos="991" vpos="482" width="52" height="30" content="den" wc="1.00" cc="007" /> 
     </textline> 
     <textline id="P2_TL00009" hpos="26" vpos="531" width="1018" height="41"> 
      <string id="P2_ST00070" hpos="26" vpos="531" width="98" height="37" content="oorlog" wc="1.00" cc="556650" /> 
      <sp id="P2_SP00061" hpos="124" vpos="568" width="22" /> 
      <string id="P2_ST00071" hpos="146" vpos="541" width="51" height="21" content="vttn" wc="0.96" cc="9707" /> 
      <sp id="P2_SP00062" hpos="197" vpos="568" width="24" /> 
      <string id="P2_ST00072" hpos="221" vpos="531" width="76" height="28" content="harte" wc="1.00" cc="69703" /> 
      <sp id="P2_SP00063" hpos="296" vpos="568" width="24" /> 
      <string id="P2_ST00073" hpos="320" vpos="533" width="161" height="33" content="wenschen," wc="0.96" cc="907647760" /> 
      <sp id="P2_SP00064" hpos="481" vpos="568" width="24" /> 
      <string id="P2_ST00074" hpos="504" vpos="533" width="118" height="28" content="anderen" wc="1.00" cc="9593607" /> 
      <sp id="P2_SP00065" hpos="622" vpos="568" width="24" /> 
      <string id="P2_ST00075" hpos="646" vpos="534" width="27" height="27" content="in" wc="0.98" cc="40" /> 
      <sp id="P2_SP00066" hpos="673" vpos="568" width="25" /> 
      <string id="P2_ST00076" hpos="698" vpos="534" width="167" height="28" content="overdreven" wc="1.00" cc="6010061045" /> 
      <sp id="P2_SP00067" hpos="865" vpos="568" width="19" /> 
      <string id="P2_ST00077" hpos="883" vpos="537" width="81" height="34" content="angst" wc="1.00" cc="40905" /> 
      <sp id="P2_SP00068" hpos="965" vpos="572" width="12" /> 
      <string id="P2_ST00078" hpos="977" vpos="546" width="67" height="19" content="eene" wc="0.96" cc="0053" /> 
     </textline> 
     <textline id="P2_TL00010" hpos="26" vpos="583" width="1017" height="42"> 
      <string id="P2_ST00079" hpos="26" vpos="583" width="105" height="30" content="nieuwe" wc="1.00" cc="630370" /> 
      <sp id="P2_SP00069" hpos="131" vpos="613" width="22" /> 
      <string id="P2_ST00080" hpos="154" vpos="585" width="109" height="28" content="coalitie" wc="1.00" cc="35623401" /> 
      <sp id="P2_SP00070" hpos="262" vpos="613" width="21" /> 
      <string id="P2_ST00081" hpos="283" vpos="587" width="80" height="35" content="tegen" wc="1.00" cc="85929" /> 
      <sp id="P2_SP00071" hpos="364" vpos="622" width="21" /> 
      <string ALTERNATIVE='B-LOC' id="P2_ST00082" hpos="385" vpos="585" width="145" height="38" content="Frankrijk" wc="1.00" cc="703426008" /> 
      <sp id="P2_SP00072" hpos="530" vpos="622" width="21" /> 
      <string id="P2_ST00083" hpos="552" vpos="595" width="111" height="19" content="vreezen" wc="1.00" cc="6652768" /> 
      <sp id="P2_SP00073" hpos="663" vpos="622" width="14" /> 
      <string id="P2_ST00084" hpos="677" vpos="608" width="6" height="11" content="," wc="0.98" cc="0" /> 
      <sp id="P2_SP00074" hpos="683" vpos="622" width="34" /> 
      <string id="P2_ST00085" hpos="717" vpos="586" width="26" height="28" content="ik" wc="0.98" cc="09" /> 
      <sp id="P2_SP00075" hpos="743" vpos="622" width="34" /> 
      <string id="P2_ST00086" hpos="777" vpos="587" width="53" height="28" content="zelf" wc="1.00" cc="5000" /> 
      <sp id="P2_SP00076" hpos="830" vpos="622" width="19" /> 
      <string id="P2_ST00087" hpos="849" vpos="587" width="63" height="38" content="blijf" wc="1.00" cc="00020" /> 
      <sp id="P2_SP00077" hpos="912" vpos="625" width="18" /> 
      <string id="P2_ST00088" hpos="930" vpos="598" width="94" height="19" content="onwan" subs_type="HypPart1" subs_content="onwankelbaar" wc="1.00" cc="509790" /> 
      <hyp hpos="1024" vpos="598" width="19" content="-" /> 
     </textline> 
     <textline id="P2_TL00011" hpos="26" vpos="638" width="1019" height="42"> 
      <string id="P2_ST00089" hpos="26" vpos="638" width="111" height="27" content="kelbaar" subs_type="HypPart2" subs_content="onwankelbaar" wc="1.00" cc="5706005" /> 
      <sp id="P2_SP00078" hpos="137" vpos="665" width="20" /> 
      <string id="P2_ST00090" hpos="157" vpos="647" width="35" height="28" content="op" wc="0.98" cc="20" /> 
      <sp id="P2_SP00079" hpos="193" vpos="676" width="22" /> 
      <string id="P2_ST00091" hpos="215" vpos="638" width="53" height="28" content="den" wc="1.00" cc="067" /> 
      <sp id="P2_SP00080" hpos="268" vpos="676" width="22" /> 
      <string id="P2_ST00092" hpos="291" vpos="647" width="59" height="28" content="weg" wc="1.00" cc="070" /> 
      <sp id="P2_SP00081" hpos="350" vpos="676" width="19" /> 
      <string id="P2_ST00093" hpos="369" vpos="648" width="50" height="19" content="van" wc="1.00" cc="048" /> 
      <sp id="P2_SP00082" hpos="418" vpos="676" width="20" /> 
      <string id="P2_ST00094" hpos="438" vpos="639" width="45" height="28" content="het" wc="1.00" cc="606" /> 
      <sp id="P2_SP00083" hpos="483" vpos="676" width="24" /> 
      <string id="P2_ST00095" hpos="507" vpos="644" width="59" height="32" content="regt" wc="0.96" cc="6105" /> 
      <sp id="P2_SP00084" hpos="566" vpos="676" width="20" /> 
      <string id="P2_ST00096" hpos="586" vpos="639" width="50" height="28" content="der" wc="1.00" cc="000" /> 
      <sp id="P2_SP00085" hpos="635" vpos="676" width="21" /> 
      <string id="P2_ST00097" hpos="657" vpos="639" width="97" height="28" content="volken" wc="1.00" cc="766747" /> 
      <sp id="P2_SP00086" hpos="754" vpos="676" width="13" /> 
      <string id="P2_ST00098" hpos="767" vpos="651" width="32" height="18" content="en" wc="0.98" cc="56" /> 
      <sp id="P2_SP00087" hpos="798" vpos="676" width="24" /> 
      <string id="P2_ST00099" hpos="822" vpos="641" width="83" height="37" content="mijne" wc="1.00" cc="65271" /> 
      <sp id="P2_SP00088" hpos="905" vpos="678" width="12" /> 
      <string id="P2_ST00100" hpos="917" vpos="643" width="128" height="37" content="regering" wc="1.00" cc="79009089" /> 
     </textline> 
     <textline id="P2_TL00012" hpos="26" vpos="690" width="1018" height="40"> 
      <string id="P2_ST00101" hpos="26" vpos="690" width="41" height="28" content="zal" wc="1.00" cc="775" /> 
      <sp id="P2_SP00089" hpos="67" vpos="718" width="34" /> 
      <string id="P2_ST00102" hpos="102" vpos="690" width="58" height="28" content="zich" wc="1.00" cc="7654" /> 
      <sp id="P2_SP00090" hpos="159" vpos="718" width="37" /> 
      <string id="P2_ST00103" hpos="196" vpos="691" width="70" height="28" content="noch" wc="1.00" cc="5137" /> 
      <sp id="P2_SP00091" hpos="266" vpos="719" width="44" /> 
      <string id="P2_ST00104" hpos="309" vpos="691" width="73" height="28" content="laten" wc="1.00" cc="09057" /> 
      <sp id="P2_SP00092" hpos="383" vpos="719" width="40" /> 
      <string id="P2_ST00105" hpos="423" vpos="692" width="193" height="38" content="medesiepen," wc="1.00" cc="76976590210" /> 
      <sp id="P2_SP00093" hpos="615" vpos="730" width="37" /> 
      <string id="P2_ST00106" hpos="652" vpos="693" width="71" height="28" content="noch" wc="0.98" cc="7477" /> 
      <sp id="P2_SP00094" hpos="723" vpos="730" width="22" /> 
      <string id="P2_ST00107" hpos="745" vpos="693" width="71" height="30" content="doen" wc="1.00" cc="0318" /> 
      <sp id="P2_SP00095" hpos="816" vpos="730" width="37" /> 
      <string id="P2_ST00108" hpos="853" vpos="696" width="191" height="28" content="verschrikken" wc="1.00" cc="051327786006" /> 
     </textline> 
     <textline id="P2_TL00013" hpos="24" vpos="743" width="1019" height="38"> 
      <string id="P2_ST00109" hpos="24" vpos="743" width="97" height="30" content="omdat" wc="1.00" cc="79995" /> 
      <sp id="P2_SP00096" hpos="120" vpos="772" width="22" /> 
      <string id="P2_ST00110" hpos="143" vpos="743" width="31" height="38" content="zij" wc="1.00" cc="741" /> 
      <sp id="P2_SP00097" hpos="174" vpos="781" width="22" /> 
      <string id="P2_ST00111" hpos="196" vpos="744" width="71" height="28" content="noch" wc="1.00" cc="6606" /> 
      <sp id="P2_SP00098" hpos="267" vpos="781" width="22" /> 
      <string id="P2_ST00112" hpos="289" vpos="744" width="187" height="30" content="veeleischend" wc="0.96" cc="464606567260" /> 
      <sp id="P2_SP00099" hpos="476" vpos="781" width="20" /> 
      <string id="P2_ST00113" hpos="496" vpos="744" width="70" height="28" content="noch" wc="1.00" cc="7449" /> 
      <sp id="P2_SP00100" hpos="566" vpos="781" width="21" /> 
      <string id="P2_ST00114" hpos="587" vpos="746" width="210" height="28" content="verontrustend" wc="1.00" cc="6402876876680" /> 
      <sp id="P2_SP00101" hpos="797" vpos="781" width="19" /> 
      <string id="P2_ST00115" hpos="816" vpos="746" width="32" height="30" content="is." wc="1.00" cc="160" /> 
      <sp id="P2_SP00102" hpos="848" vpos="781" width="45" /> 
      <string id="P2_ST00116" hpos="893" vpos="748" width="85" height="28" content="Verre" wc="1.00" cc="77706" /> 
      <sp id="P2_SP00103" hpos="978" vpos="781" width="14" /> 
      <string id="P2_ST00117" hpos="992" vpos="759" width="51" height="18" content="van" wc="1.00" cc="908" /> 
     </textline> 
     <textline id="P2_TL00014" hpos="26" vpos="797" width="1017" height="41"> 
      <string id="P2_ST00118" hpos="26" vpos="807" width="51" height="19" content="ons" wc="1.00" cc="577" /> 
      <sp id="P2_SP00104" hpos="77" vpos="826" width="17" /> 
      <string id="P2_ST00119" hpos="93" vpos="797" width="52" height="30" content="dus" wc="1.00" cc="066" /> 
      <sp id="P2_SP00105" hpos="145" vpos="827" width="24" /> 
      <string id="P2_ST00120" hpos="169" vpos="797" width="43" height="30" content="die" wc="1.00" cc="906" /> 
      <sp id="P2_SP00106" hpos="211" vpos="827" width="24" /> 
      <string id="P2_ST00121" hpos="235" vpos="798" width="78" height="37" content="ijdele" wc="1.00" cc="040616" /> 
      <sp id="P2_SP00107" hpos="313" vpos="835" width="19" /> 
      <string id="P2_ST00122" hpos="332" vpos="808" width="76" height="20" content="vrees" wc="1.00" cc="97000" /> 
      <sp id="P2_SP00108" hpos="407" vpos="835" width="32" /> 
      <string id="P2_ST00123" hpos="439" vpos="808" width="50" height="19" content="van" wc="1.00" cc="967" /> 
      <sp id="P2_SP00109" hpos="489" vpos="835" width="31" /> 
      <string id="P2_ST00124" hpos="520" vpos="798" width="40" height="28" content="dit," wc="1.00" cc="0500" /> 
      <sp id="P2_SP00110" hpos="560" vpos="835" width="27" /> 
      <string id="P2_ST00125" hpos="587" vpos="801" width="183" height="37" content="onregtmatig" wc="0.96" cc="38029056700" /> 
      <sp id="P2_SP00111" hpos="770" vpos="837" width="32" /> 
      <string id="P2_ST00126" hpos="802" vpos="807" width="184" height="22" content="wantrouwen" wc="1.00" cc="9756556908" /> 
      <sp id="P2_SP00112" hpos="986" vpos="837" width="24" /> 
      <string id="P2_ST00127" hpos="1010" vpos="814" width="33" height="17" content="en" wc="0.98" cc="28" /> 
     </textline> 
     <textline id="P2_TL00015" hpos="26" vpos="850" width="1018" height="43"> 
      <string id="P2_ST00128" hpos="26" vpos="850" width="66" height="30" content="deze" wc="1.00" cc="0773" /> 
      <sp id="P2_SP00113" hpos="92" vpos="880" width="19" /> 
      <string id="P2_ST00129" hpos="111" vpos="850" width="144" height="39" content="innerlijke" wc="1.00" cc="0776980395" /> 
      <sp id="P2_SP00114" hpos="255" vpos="889" width="22" /> 
      <string id="P2_ST00130" hpos="278" vpos="852" width="197" height="38" content="bezorgdheid." wc="1.00" cc="667499477502" /> 
      <sp id="P2_SP00115" hpos="475" vpos="889" width="44" /> 
      <string id="P2_ST00131" hpos="519" vpos="853" width="40" height="28" content="De" wc="0.98" cc="64" /> 
      <sp id="P2_SP00116" hpos="559" vpos="889" width="13" /> 
      <string id="P2_ST00132" hpos="572" vpos="854" width="97" height="33" content="vrede," wc="1.00" cc="090060" /> 
      <sp id="P2_SP00117" hpos="669" vpos="889" width="14" /> 
      <string id="P2_ST00133" hpos="683" vpos="854" width="27" height="28" content="ik" wc="0.98" cc="00" /> 
      <sp id="P2_SP00118" hpos="710" vpos="889" width="31" /> 
      <string id="P2_ST00134" hpos="741" vpos="854" width="73" height="39" content="hoop" wc="1.00" cc="6159" /> 
      <sp id="P2_SP00119" hpos="814" vpos="893" width="28" /> 
      <string id="P2_ST00135" hpos="842" vpos="854" width="65" height="34" content="het," wc="1.00" cc="6770" /> 
      <sp id="P2_SP00120" hpos="907" vpos="893" width="17" /> 
      <string id="P2_ST00136" hpos="924" vpos="855" width="40" height="28" content="zal" wc="1.00" cc="656" /> 
      <sp id="P2_SP00121" hpos="964" vpos="893" width="24" /> 
      <string id="P2_ST00137" hpos="987" vpos="856" width="57" height="28" content="niet" wc="1.00" cc="7853" /> 
     </textline> 
     <textline id="P2_TL00016" hpos="25" vpos="898" width="1019" height="48"> 
      <string id="P2_ST00138" hpos="25" vpos="906" width="131" height="35" content="gestoord" wc="1.00" cc="88707449" /> 
      <sp id="P2_SP00122" hpos="156" vpos="941" width="27" /> 
      <string id="P2_ST00139" hpos="183" vpos="898" width="120" height="41" content="wojpu." wc="0.96" cc="987882" /> 
      <sp id="P2_SP00123" hpos="304" vpos="941" width="45" /> 
      <string id="P2_ST00140" hpos="348" vpos="906" width="40" height="27" content="Ga" wc="0.98" cc="56" /> 
      <sp id="P2_SP00124" hpos="389" vpos="941" width="34" /> 
      <string id="P2_ST00141" hpos="423" vpos="906" width="112" height="27" content="danrom" wc="1.00" cc="978146" /> 
      <sp id="P2_SP00125" hpos="535" vpos="941" width="28" /> 
      <string id="P2_ST00142" hpos="563" vpos="906" width="87" height="37" content="rustig" wc="1.00" cc="966067" /> 
      <sp id="P2_SP00126" hpos="651" vpos="943" width="31" /> 
      <string id="P2_ST00143" hpos="681" vpos="917" width="50" height="17" content="aan" wc="1.00" cc="887" /> 
      <sp id="P2_SP00127" hpos="731" vpos="943" width="27" /> 
      <string id="P2_ST00144" hpos="758" vpos="917" width="44" height="18" content="uw" wc="0.98" cc="09" /> 
      <sp id="P2_SP00128" hpos="802" vpos="943" width="33" /> 
      <string id="P2_ST00145" hpos="835" vpos="907" width="91" height="34" content="werk," wc="1.00" cc="00003" /> 
      <sp id="P2_SP00129" hpos="926" vpos="943" width="34" /> 
      <string id="P2_ST00146" hpos="960" vpos="908" width="84" height="38" content="mijne" wc="1.00" cc="77370" /> 
     </textline> 
     <textline id="P2_TL00017" hpos="25" vpos="958" width="1013" height="39"> 
      <string id="P2_ST00147" hpos="25" vpos="958" width="164" height="28" content="staatkunde" wc="1.00" cc="5544796794" /> 
      <sp id="P2_SP00130" hpos="189" vpos="986" width="31" /> 
      <string id="P2_ST00148" hpos="220" vpos="958" width="72" height="28" content="heeft" wc="1.00" cc="72452" /> 
      <sp id="P2_SP00131" hpos="292" vpos="986" width="24" /> 
      <string id="P2_ST00149" hpos="315" vpos="967" width="69" height="27" content="geen" wc="1.00" cc="9708" /> 
      <sp id="P2_SP00132" hpos="384" vpos="994" width="33" /> 
      <string id="P2_ST00150" hpos="417" vpos="959" width="146" height="37" content="oogenbiik" wc="0.96" cc="440087740" /> 
      <sp id="P2_SP00133" hpos="563" vpos="996" width="33" /> 
      <string id="P2_ST00151" hpos="596" vpos="960" width="183" height="37" content="opgehouden" wc="1.00" cc="4702944938" /> 
      <sp id="P2_SP00134" hpos="780" vpos="997" width="35" /> 
      <string id="P2_ST00152" hpos="815" vpos="960" width="159" height="30" content="vreedzaam" wc="1.00" cc="017406096" /> 
      <sp id="P2_SP00135" hpos="974" vpos="997" width="31" /> 
      <string id="P2_ST00153" hpos="1005" vpos="972" width="33" height="19" content="en" wc="0.98" cc="78" /> 
     </textline> 
     <textline id="P2_TL00018" hpos="26" vpos="1010" width="1011" height="41"> 
      <string id="P2_ST00154" hpos="26" vpos="1010" width="170" height="30" content="verzoenend" wc="1.00" cc="0075666685" /> 
      <sp id="P2_SP00136" hpos="196" vpos="1039" width="32" /> 
      <string id="P2_ST00155" hpos="228" vpos="1016" width="25" height="24" content="te" wc="0.98" cc="52" /> 
      <sp id="P2_SP00137" hpos="253" vpos="1039" width="30" /> 
      <string id="P2_ST00156" hpos="282" vpos="1011" width="63" height="38" content="zijn." wc="1.00" cc="70080" /> 
      <sp id="P2_SP00138" hpos="345" vpos="1049" width="44" /> 
      <string id="P2_ST00157" hpos="389" vpos="1011" width="120" height="30" content="Daarom" wc="1.00" cc="607666" /> 
      <sp id="P2_SP00139" hpos="509" vpos="1049" width="32" /> 
      <string id="P2_ST00158" hpos="541" vpos="1012" width="83" height="30" content="reken" wc="1.00" cc="73467" /> 
      <sp id="P2_SP00140" hpos="624" vpos="1049" width="33" /> 
      <string id="P2_ST00159" hpos="657" vpos="1013" width="27" height="28" content="ik" wc="0.98" cc="19" /> 
      <sp id="P2_SP00141" hpos="684" vpos="1049" width="34" /> 
      <string id="P2_ST00160" hpos="718" vpos="1012" width="52" height="28" content="ook" wc="1.00" cc="569" /> 
      <sp id="P2_SP00142" hpos="770" vpos="1049" width="30" /> 
      <string id="P2_ST00161" hpos="800" vpos="1013" width="89" height="28" content="steeds" wc="1.00" cc="700407" /> 
      <sp id="P2_SP00143" hpos="888" vpos="1049" width="24" /> 
      <string id="P2_ST00162" hpos="912" vpos="1023" width="35" height="28" content="op" wc="0.98" cc="47" /> 
      <sp id="P2_SP00144" hpos="947" vpos="1051" width="25" /> 
      <string id="P2_ST00163" hpos="972" vpos="1016" width="65" height="27" content="Uw-e" wc="1.00" cc="8809" stylerefs="TXT_1" /> 
     </textline> 
     <textline id="P2_TL00019" hpos="25" vpos="1064" width="1009" height="43"> 
      <string id="P2_ST00164" hpos="25" vpos="1074" width="33" height="19" content="en" wc="0.98" cc="07" /> 
      <sp id="P2_SP00145" hpos="58" vpos="1093" width="30" /> 
      <string id="P2_ST00165" hpos="87" vpos="1064" width="158" height="37" content="Frankrijks" wc="0.96" cc="7798752097" /> 
      <sp id="P2_SP00146" hpos="246" vpos="1101" width="30" /> 
      <string id="P2_ST00166" hpos="275" vpos="1064" width="227" height="38" content="ondersteuning." wc="1.00" cc="16850077081800" /> 
      <sp id="P2_SP00147" hpos="502" vpos="1102" width="44" /> 
      <string id="P2_ST00167" hpos="546" vpos="1065" width="43" height="37" content="Gij" wc="1.00" cc="420" /> 
      <sp id="P2_SP00148" hpos="588" vpos="1102" width="34" /> 
      <string id="P2_ST00168" hpos="622" vpos="1071" width="69" height="22" content="weet" wc="1.00" cc="7474" /> 
      <sp id="P2_SP00149" hpos="691" vpos="1102" width="27" /> 
      <string id="P2_ST00169" hpos="718" vpos="1067" width="46" height="28" content="dat" wc="1.00" cc="973" /> 
      <sp id="P2_SP00150" hpos="764" vpos="1102" width="22" /> 
      <string id="P2_ST00170" hpos="787" vpos="1068" width="81" height="27" content="zucht" wc="1.00" cc="78773" /> 
      <sp id="P2_SP00151" hpos="868" vpos="1102" width="22" /> 
      <string id="P2_ST00171" hpos="891" vpos="1071" width="40" height="25" content="tot" wc="1.00" cc="034" /> 
      <sp id="P2_SP00152" hpos="931" vpos="1102" width="24" /> 
      <string id="P2_ST00172" hpos="954" vpos="1069" width="79" height="38" content="eigen" wc="1.00" cc="40960" /> 
     </textline> 
     <textline id="P2_TL00020" hpos="25" vpos="1116" width="942" height="40"> 
      <string id="P2_ST00173" hpos="25" vpos="1127" width="45" height="20" content="eer" wc="1.00" cc="250" /> 
      <sp id="P2_SP00153" hpos="70" vpos="1147" width="21" /> 
      <string id="P2_ST00174" hpos="91" vpos="1121" width="33" height="25" content="&eacute;a" wc="0.96" cc="78" /> 
      <sp id="P2_SP00154" hpos="124" vpos="1147" width="22" /> 
      <string id="P2_ST00175" hpos="146" vpos="1116" width="184" height="39" content="persoonlijke" wc="1.00" cc="957060800004" /> 
      <sp id="P2_SP00155" hpos="331" vpos="1155" width="22" /> 
      <string id="P2_ST00176" hpos="353" vpos="1117" width="229" height="38" content="beweegredenen" wc="1.00" cc="5496496404456" /> 
      <sp id="P2_SP00156" hpos="582" vpos="1155" width="24" /> 
      <string id="P2_ST00177" hpos="606" vpos="1119" width="45" height="37" content="mij" wc="1.00" cc="771" /> 
      <sp id="P2_SP00157" hpos="651" vpos="1155" width="24" /> 
      <string id="P2_ST00178" hpos="674" vpos="1120" width="76" height="27" content="nooit" wc="1.00" cc="85945" /> 
      <sp id="P2_SP00158" hpos="750" vpos="1155" width="24" /> 
      <string id="P2_ST00179" hpos="774" vpos="1120" width="193" height="31" content="beheerschen." wc="0.96" cc="114014526000" /> 
     </textline> 
     <textline id="P2_TL00021" hpos="64" vpos="1169" width="974" height="43"> 
      <string id="P2_ST00180" hpos="64" vpos="1169" width="106" height="30" content="Verder" wc="1.00" cc="720855" /> 
      <sp id="P2_SP00159" hpos="170" vpos="1199" width="20" /> 
      <string id="P2_ST00181" hpos="190" vpos="1173" width="60" height="33" content="zegt" wc="1.00" cc="6393" /> 
      <sp id="P2_SP00160" hpos="250" vpos="1206" width="21" /> 
      <string id="P2_ST00182" hpos="272" vpos="1170" width="33" height="28" content="de" wc="0.98" cc="07" /> 
      <sp id="P2_SP00161" hpos="305" vpos="1206" width="21" /> 
      <string id="P2_ST00183" hpos="326" vpos="1172" width="115" height="28" content="Keizer:" wc="1.00" cc="3464900" /> 
      <sp id="P2_SP00162" hpos="441" vpos="1206" width="24" /> 
      <string id="P2_ST00184" hpos="464" vpos="1173" width="83" height="37" content="mijne" wc="1.00" cc="90381" /> 
      <sp id="P2_SP00163" hpos="547" vpos="1209" width="21" /> 
      <string id="P2_ST00185" hpos="568" vpos="1173" width="195" height="39" content="betrekkingen" wc="1.00" cc="734771928077" /> 
      <sp id="P2_SP00164" hpos="763" vpos="1212" width="26" /> 
      <string id="P2_ST00186" hpos="789" vpos="1179" width="53" height="24" content="met" wc="1.00" cc="852" /> 
      <sp id="P2_SP00165" hpos="842" vpos="1212" width="24" /> 
      <string id="P2_ST00187" hpos="866" vpos="1174" width="50" height="28" content="den" wc="1.00" cc="904" /> 
      <sp id="P2_SP00166" hpos="915" vpos="1212" width="24" /> 
      <string id="P2_ST00188" hpos="939" vpos="1175" width="99" height="28" content="Keizer" wc="1.00" cc="377240" /> 
     </textline> 
     <textline id="P2_TL00022" hpos="26" vpos="1224" width="1009" height="41"> 
      <string id="P2_ST00189" hpos="26" vpos="1233" width="50" height="19" content="van" wc="1.00" cc="978" /> 
      <sp id="P2_SP00167" hpos="76" vpos="1252" width="22" /> 
      <string ALTERNATIVE='B-LOC' id="P2_ST00190" hpos="98" vpos="1224" width="125" height="28" content="Rusland" wc="1.00" cc="8686880" /> 
      <sp id="P2_SP00168" hpos="223" vpos="1252" width="35" /> 
      <string id="P2_ST00191" hpos="259" vpos="1224" width="106" height="30" content="hebben" wc="1.00" cc="737728" /> 
      <sp id="P2_SP00169" hpos="365" vpos="1253" width="24" /> 
      <string id="P2_ST00192" hpos="389" vpos="1226" width="44" height="27" content="het" wc="1.00" cc="646" /> 
      <sp id="P2_SP00170" hpos="432" vpos="1253" width="22" /> 
      <string id="P2_ST00193" hpos="455" vpos="1226" width="125" height="27" content="karakter" wc="1.00" cc="07970836" /> 
      <sp id="P2_SP00171" hpos="580" vpos="1253" width="21" /> 
      <string id="P2_ST00194" hpos="601" vpos="1226" width="50" height="28" content="der" wc="1.00" cc="076" /> 
      <sp id="P2_SP00172" hpos="651" vpos="1254" width="21" /> 
      <string id="P2_ST00195" hpos="672" vpos="1231" width="84" height="24" content="meest" wc="1.00" cc="66074" /> 
      <sp id="P2_SP00173" hpos="756" vpos="1254" width="25" /> 
      <string id="P2_ST00196" hpos="781" vpos="1227" width="143" height="38" content="mogelyke" wc="0.96" cc="75507344" /> 
      <sp id="P2_SP00174" hpos="924" vpos="1265" width="22" /> 
      <string id="P2_ST00197" hpos="946" vpos="1230" width="74" height="28" content="harte" subs_type="HypPart1" subs_content="hartelijkheid" wc="1.00" cc="880864" /> 
      <hyp hpos="1020" vpos="1230" width="14" content="-" /> 
     </textline> 
     <textline id="P2_TL00023" hpos="26" vpos="1277" width="1011" height="43"> 
      <string id="P2_ST00198" hpos="26" vpos="1277" width="113" height="39" content="lijkheid" subs_type="HypPart2" subs_content="hartelijkheid" wc="1.00" cc="57577589" /> 
      <sp id="P2_SP00175" hpos="139" vpos="1316" width="28" /> 
      <string id="P2_ST00199" hpos="168" vpos="1286" width="204" height="30" content="aangenomen," wc="1.00" cc="77896757064" /> 
      <sp id="P2_SP00176" hpos="372" vpos="1316" width="32" /> 
      <string id="P2_ST00200" hpos="404" vpos="1278" width="93" height="30" content="omdat" wc="1.00" cc="46861" /> 
      <sp id="P2_SP00177" hpos="497" vpos="1316" width="30" /> 
      <string id="P2_ST00201" hpos="527" vpos="1278" width="41" height="38" content="wij" wc="1.00" cc="000" /> 
      <sp id="P2_SP00178" hpos="568" vpos="1316" width="34" /> 
      <string id="P2_ST00202" hpos="602" vpos="1279" width="27" height="27" content="in" wc="0.98" cc="67" /> 
      <sp id="P2_SP00179" hpos="630" vpos="1316" width="22" /> 
      <string id="P2_ST00203" hpos="652" vpos="1279" width="52" height="28" content="alle" wc="1.00" cc="7270" /> 
      <sp id="P2_SP00180" hpos="704" vpos="1316" width="20" /> 
      <string id="P2_ST00204" hpos="724" vpos="1280" width="210" height="39" content="geschilpunten" wc="1.00" cc="9255760968766" /> 
      <sp id="P2_SP00181" hpos="934" vpos="1319" width="25" /> 
      <string id="P2_ST00205" hpos="959" vpos="1291" width="63" height="20" content="over" subs_type="HypPart1" subs_content="overeer.slemden" wc="1.00" cc="10177" /> 
      <hyp hpos="1022" vpos="1291" width="15" content="-" /> 
     </textline> 
     <textline id="P2_TL00024" hpos="26" vpos="1331" width="1011" height="38"> 
      <string id="P2_ST00206" hpos="26" vpos="1331" width="175" height="30" content="eer.slemden" subs_type="HypPart2" subs_content="overeer.slemden" wc="0.96" cc="57747858925" /> 
      <sp id="P2_SP00182" hpos="201" vpos="1361" width="15" /> 
      <string id="P2_ST00207" hpos="216" vpos="1344" width="6" height="21" content=";" wc="0.98" cc="1" /> 
      <sp id="P2_SP00183" hpos="222" vpos="1365" width="35" /> 
      <string id="P2_ST00208" hpos="257" vpos="1342" width="118" height="19" content="evenzoo" wc="1.00" cc="0567571" /> 
      <sp id="P2_SP00184" hpos="376" vpos="1365" width="30" /> 
      <string id="P2_ST00209" hpos="405" vpos="1332" width="52" height="28" content="kan" wc="1.00" cc="278" /> 
      <sp id="P2_SP00185" hpos="457" vpos="1365" width="30" /> 
      <string id="P2_ST00210" hpos="487" vpos="1331" width="27" height="30" content="ik" wc="0.98" cc="05" /> 
      <sp id="P2_SP00186" hpos="514" vpos="1365" width="32" /> 
      <string id="P2_ST00211" hpos="546" vpos="1331" width="44" height="38" content="mij" wc="1.00" cc="202" /> 
      <sp id="P2_SP00187" hpos="589" vpos="1369" width="34" /> 
      <string id="P2_ST00212" hpos="624" vpos="1337" width="43" height="25" content="ten" wc="1.00" cc="868" stylerefs="TXT_1" /> 
      <sp id="P2_SP00188" hpos="666" vpos="1369" width="31" /> 
      <string id="P2_ST00213" hpos="697" vpos="1335" width="111" height="28" content="aanzien" wc="1.00" cc="7787578" /> 
      <sp id="P2_SP00189" hpos="808" vpos="1369" width="24" /> 
      <string id="P2_ST00214" hpos="831" vpos="1344" width="50" height="19" content="van" wc="1.00" cc="498" /> 
      <sp id="P2_SP00190" hpos="881" vpos="1369" width="26" /> 
      <string ALTERNATIVE='B-LOC' id="P2_ST00215" hpos="907" vpos="1336" width="130" height="28" content="Pruissen" wc="0.96" cc="77750044" /> 
     </textline> 
     <textline id="P2_TL00025" hpos="25" vpos="1384" width="1016" height="40"> 
      <string id="P2_ST00216" hpos="25" vpos="1395" width="66" height="20" content="over" wc="1.00" cc="6607" /> 
      <sp id="P2_SP00191" hpos="91" vpos="1415" width="20" /> 
      <string id="P2_ST00217" hpos="111" vpos="1385" width="98" height="38" content="gelijke" wc="1.00" cc="4684327" /> 
      <sp id="P2_SP00192" hpos="209" vpos="1423" width="21" /> 
      <string id="P2_ST00218" hpos="230" vpos="1385" width="189" height="37" content="hartelijkheid" wc="1.00" cc="7774660287769" /> 
      <sp id="P2_SP00193" hpos="419" vpos="1423" width="24" /> 
      <string id="P2_ST00219" hpos="443" vpos="1395" width="31" height="19" content="en" wc="0.98" cc="47" /> 
      <sp id="P2_SP00194" hpos="474" vpos="1423" width="24" /> 
      <string id="P2_ST00220" hpos="497" vpos="1384" width="197" height="40" content="wederkeerige" wc="0.96" cc="905473037795" /> 
      <sp id="P2_SP00195" hpos="694" vpos="1424" width="24" /> 
      <string id="P2_ST00221" hpos="718" vpos="1388" width="227" height="30" content="welwillendheid" wc="1.00" cc="97592167787408" /> 
      <sp id="P2_SP00196" hpos="945" vpos="1424" width="34" /> 
      <string id="P2_ST00222" hpos="979" vpos="1400" width="46" height="19" content="ver" subs_type="HypPart1" subs_content="verheugen." wc="1.00" cc="0694" /> 
      <hyp hpos="1025" vpos="1400" width="15" content="-" /> 
     </textline> 
     <textline id="P2_TL00026" hpos="25" vpos="1439" width="117" height="39"> 
      <string id="P2_ST00223" hpos="25" vpos="1439" width="117" height="39" content="heugen." subs_type="HypPart2" subs_content="verheugen." wc="1.00" cc="7079780" /> 
     </textline> 
     <textline id="P2_TL00027" hpos="64" vpos="1519" width="973" height="39"> 
      <string id="P2_ST00224" hpos="64" vpos="1519" width="51" height="27" content="Bit" wc="1.00" cc="807" stylerefs="TXT_1" /> 
      <sp id="P2_SP00197" hpos="115" vpos="1546" width="27" /> 
      <string id="P2_ST00225" hpos="142" vpos="1519" width="86" height="37" content="berigt" wc="0.96" cc="770607" stylerefs="TXT_1" /> 
      <sp id="P2_SP00198" hpos="228" vpos="1556" width="27" /> 
      <string id="P2_ST00226" hpos="255" vpos="1519" width="145" height="37" content="Maandag" wc="1.00" cc="0007670" stylerefs="TXT_1" /> 
      <sp id="P2_SP00199" hpos="400" vpos="1556" width="32" /> 
      <string id="P2_ST00227" hpos="432" vpos="1521" width="89" height="27" content="avond" wc="1.00" cc="86489" stylerefs="TXT_1" /> 
      <sp id="P2_SP00200" hpos="521" vpos="1556" width="30" /> 
      <string id="P2_ST00228" hpos="550" vpos="1531" width="63" height="18" content="voor" wc="1.00" cc="0420" stylerefs="TXT_1" /> 
      <sp id="P2_SP00201" hpos="613" vpos="1556" width="31" /> 
      <string id="P2_ST00229" hpos="644" vpos="1521" width="67" height="37" content="half" wc="1.00" cc="0770" stylerefs="TXT_1" /> 
      <sp id="P2_SP00202" hpos="711" vpos="1558" width="15" /> 
      <string id="P2_ST00230" hpos="726" vpos="1521" width="63" height="28" content="acht" wc="1.00" cc="0278" stylerefs="TXT_1" /> 
      <sp id="P2_SP00203" hpos="789" vpos="1558" width="27" /> 
      <string id="P2_ST00231" hpos="816" vpos="1524" width="26" height="26" content="te" wc="0.98" cc="60" stylerefs="TXT_1" /> 
      <sp id="P2_SP00204" hpos="842" vpos="1558" width="22" /> 
      <string ALTERNATIVE='B-LOC' id="P2_ST00232" hpos="865" vpos="1524" width="172" height="28" content="Amsterdam" wc="1.00" cc="990050066" stylerefs="TXT_1" /> 
     </textline> 
     <textline id="P2_TL00028" hpos="26" vpos="1571" width="752" height="40"> 
      <string id="P2_ST00233" hpos="26" vpos="1571" width="170" height="38" content="aangeboden" wc="1.00" cc="0469576089" stylerefs="TXT_1" /> 
      <sp id="P2_SP00205" hpos="196" vpos="1609" width="24" /> 
      <string id="P2_ST00234" hpos="220" vpos="1572" width="24" height="30" content="is" wc="0.98" cc="39" stylerefs="TXT_1" /> 
      <sp id="P2_SP00206" hpos="243" vpos="1609" width="20" /> 
      <string id="P2_ST00235" hpos="263" vpos="1583" width="47" height="19" content="ons" wc="1.00" cc="790" stylerefs="TXT_1" /> 
      <sp id="P2_SP00207" hpos="311" vpos="1609" width="21" /> 
      <string id="P2_ST00236" hpos="332" vpos="1576" width="69" height="26" content="eerst" wc="1.00" cc="06607" stylerefs="TXT_1" /> 
      <sp id="P2_SP00208" hpos="400" vpos="1609" width="21" /> 
      <string id="P2_ST00237" hpos="422" vpos="1584" width="35" height="18" content="na" wc="0.98" cc="40" stylerefs="TXT_1" /> 
      <sp id="P2_SP00209" hpos="457" vpos="1609" width="22" /> 
      <string id="P2_ST00238" hpos="480" vpos="1574" width="56" height="28" content="tien" wc="1.00" cc="0400" stylerefs="TXT_1" /> 
      <sp id="P2_SP00210" hpos="535" vpos="1609" width="21" /> 
      <string id="P2_ST00239" hpos="556" vpos="1584" width="53" height="18" content="uur" wc="1.00" cc="950" stylerefs="TXT_1" /> 
      <sp id="P2_SP00211" hpos="609" vpos="1609" width="20" /> 
      <string id="P2_ST00240" hpos="630" vpos="1576" width="148" height="35" content="geworden." wc="1.00" cc="070609072" stylerefs="TXT_1" /> 
     </textline> 
    </textblock> 
    <textblock id="P2_TB00002" hpos="113" vpos="1688" width="833" height="32" stylerefs="TXT_0 PAR_CENTER"> 
     <textline id="P2_TL00029" hpos="113" vpos="1689" width="833" height="31"> 
      <string id="P2_ST00241" hpos="113" vpos="1689" width="46" height="31" content="&Iuml;J&Uuml;" wc="0.96" cc="878" /> 
      <sp id="P2_SP00212" hpos="159" vpos="1720" width="24" /> 
      <string ALTERNATIVE='B-LOC' id="P2_ST00242" hpos="183" vpos="1689" width="156" height="31" content="ZWOLLE" wc="1.00" cc="653727" /> 
      <sp id="P2_SP00213" hpos="339" vpos="1720" width="22" /> 
      <string id="P2_ST00243" hpos="361" vpos="1691" width="57" height="28" content="BIJ" wc="1.00" cc="855" /> 
      <sp id="P2_SP00214" hpos="418" vpos="1720" width="22" /> 
      <string ALTERNATIVE='B-ORG' id="P2_ST00244" hpos="441" vpos="1691" width="41" height="28" content="M." wc="0.98" cc="04" /> 
      <sp id="P2_SP00215" hpos="482" vpos="1720" width="24" /> 
      <string ALTERNATIVE='I-ORG' id="P2_ST00245" hpos="506" vpos="1691" width="81" height="28" content="TUL" wc="1.00" cc="682" /> 
      <sp id="P2_SP00216" hpos="587" vpos="1720" width="20" /> 
      <string ALTERNATIVE='I-ORG' id="P2_ST00246" hpos="607" vpos="1693" width="52" height="27" content="EN" wc="0.98" cc="68" /> 
      <sp id="P2_SP00217" hpos="659" vpos="1720" width="22" /> 
      <string ALTERNATIVE='I-ORG' id="P2_ST00247" hpos="681" vpos="1693" width="102" height="27" content="ZOON" wc="1.00" cc="7759" /> 
      <sp id="P2_SP00218" hpos="783" vpos="1720" width="24" /> 
      <string ALTERNATIVE='I-ORG' id="P2_ST00248" hpos="807" vpos="1693" width="37" height="27" content="H." wc="0.98" cc="62" /> 
      <sp id="P2_SP00219" hpos="843" vpos="1720" width="24" /> 
      <string ALTERNATIVE='I-ORG' id="P2_ST00249" hpos="867" vpos="1693" width="79" height="27" content="TUL." wc="1.00" cc="8865" /> 
     </textline> 
    </textblock> 
   </printspace> 
  </page> 
 </layout> 
</alto>
